/*
 Navicat Premium Data Transfer

 Source Server         : 上海
 Source Server Type    : MySQL
 Source Server Version : 50724
 Source Host           : 101.132.164.250:3306
 Source Schema         : littleJS

 Target Server Type    : MySQL
 Target Server Version : 50724
 File Encoding         : 65001

 Date: 21/05/2019 19:42:15
*/

SET NAMES utf8mb4;
SET FOREIGN_KEY_CHECKS = 0;

-- ----------------------------
-- Table structure for TBL_FLOWER
-- ----------------------------
DROP TABLE IF EXISTS `TBL_FLOWER`;
CREATE TABLE `TBL_FLOWER`  (
  `FLOWER_ID` int(11) NOT NULL AUTO_INCREMENT,
  `FLOWER_NAME` varchar(20) CHARACTER SET utf8 COLLATE utf8_general_ci NOT NULL,
  `ORG_CODE` varchar(30) CHARACTER SET utf8 COLLATE utf8_general_ci NOT NULL,
  `PICTURE_URL` varchar(200) CHARACTER SET utf8 COLLATE utf8_general_ci NULL DEFAULT NULL,
  `PRICE` decimal(10, 0) NOT NULL,
  `DISCOUNT` float NOT NULL,
  `STOCK` int(11) NOT NULL,
  `FLOWER_STATUS` varchar(2) CHARACTER SET utf8 COLLATE utf8_general_ci NOT NULL,
  `MATERIAL` varchar(100) CHARACTER SET utf8 COLLATE utf8_general_ci NULL DEFAULT NULL,
  `PACK_WAY` varchar(100) CHARACTER SET utf8 COLLATE utf8_general_ci NULL DEFAULT NULL,
  `MEANING` varchar(100) CHARACTER SET utf8 COLLATE utf8_general_ci NULL DEFAULT NULL,
  `ADDITION` varchar(100) CHARACTER SET utf8 COLLATE utf8_general_ci NULL DEFAULT NULL,
  `SEND_WAY` varchar(100) CHARACTER SET utf8 COLLATE utf8_general_ci NULL DEFAULT NULL,
  `DESCRIPTION` varchar(100) CHARACTER SET utf8 COLLATE utf8_general_ci NULL DEFAULT NULL,
  `RESERVED1` varchar(200) CHARACTER SET utf8 COLLATE utf8_general_ci NULL DEFAULT NULL,
  `RESERVED2` varchar(200) CHARACTER SET utf8 COLLATE utf8_general_ci NULL DEFAULT NULL,
  `RESERVED3` varchar(200) CHARACTER SET utf8 COLLATE utf8_general_ci NULL DEFAULT NULL,
  PRIMARY KEY (`FLOWER_ID`) USING BTREE
) ENGINE = InnoDB AUTO_INCREMENT = 111 CHARACTER SET = utf8 COLLATE = utf8_general_ci ROW_FORMAT = Dynamic;

-- ----------------------------
-- Records of TBL_FLOWER
-- ----------------------------
INSERT INTO `TBL_FLOWER` VALUES (1, '花开月正圆', '0000000', 'http://img.ihuashi.cn/data/upload/shop/store/goods/1/2016/09/06/1_05264900238058827_360.jpg', 356, 0.64, 143, '00', '19朵顶级红玫瑰，搭配石竹梅，相思梅点缀', '淡黄色硬纸圆形包装。', '自从认识你之后，才真正体会到付出的幸福...', ' 免费附送精美贺卡，代写您的祝福。(您下单时可填写留言栏)', '本地区各市县、乡镇、街道（市区内免费配送）', ' 由于鲜花包扎各地的花艺师不同，可能在花束的形式和搭配上与图片不完全一致，但我们保证鲜花的主花材品种、新鲜程度、数量、颜色与说明一致，谢谢。', NULL, NULL, NULL);
INSERT INTO `TBL_FLOWER` VALUES (2, '南国相思', '0000000', 'http://img.ihuashi.cn/data/upload/shop/store/goods/1/2016/06/12/1_05190370693815692_360.jpg', 426, 0.68, 51, '00', '33枝顶级红玫瑰，相思梅丰满围边。', '黑色牛皮纸圆形包装，白色缎带束扎。', '把无数的思念化做心中无限的祝福，默默的为你祈祷。', '免费附送精美贺卡，代写您的祝福。(您下单时可填写留言栏)', '本地区各市县、乡镇、街道（市区内免费配送）', '由于鲜花包扎各地的花艺师不同，可能在花束的形式和搭配上与图片不完全一致，但我们保证鲜花的主花材品种、新鲜程度、数量、颜色与说明一致，谢谢。', NULL, NULL, NULL);
INSERT INTO `TBL_FLOWER` VALUES (3, '携手一生', '0000000', 'http://img.ihuashi.cn/data/upload/shop/store/goods/1/2016/06/03/1_05182853607536029_360.jpg', 274, 0.65, 52, '00', '11枝优质红玫瑰搭配绿叶，满天星，随机赠送2只小熊', '卡其色报纸圆形包装，白色网纱束腰，搭配精美蝴蝶结。', '唇齿相依，不离不弃，携手一生，永不分离！', '免费附送精美贺卡，代写您的祝福。(您下单时可填写留言栏)', '本地区各市县、乡镇、街道（市区内免费配送）', '由于鲜花包扎各地的花艺师不同，可能在花束的形式和搭配上与图片不完全一致，但我们保证鲜花的主花材品种、新鲜程度、数量、颜色与说明一致，谢谢。', NULL, NULL, NULL);
INSERT INTO `TBL_FLOWER` VALUES (4, '此生幸福', '0000000', 'http://img.ihuashi.cn/data/upload/shop/store/goods/1/2016/06/12/1_05190388641284790_360.jpg', 336, 0.65, 53, '00', '11朵顶级红玫瑰，2枝香水百合，黄莺、满天星间插', '内衬白色瓦楞纸，外层双层紫色波点卷边纸圆形包装，紫色丝带扎束', '恋一个美丽善良的你，说一席永不离弃的话，走一生风雨携手的路，守一段天长地久的情，开一朵地老天荒的花，愿我们从此幸福一生！', '免费附送精美贺卡，代写您的祝福。(您下单时可填写留言栏)', '本地区各市县、乡镇、街道（市区内免费配送）', '由于鲜花包扎各地的花艺师不同，可能在花束的形式和搭配上与图片不完全一致，但我们保证鲜花的主花材品种、新鲜程度、数量、颜色与说明一致，谢谢。', NULL, NULL, NULL);
INSERT INTO `TBL_FLOWER` VALUES (5, '微微一笑很倾城', '0000000', 'http://img.ihuashi.cn/data/upload/shop/store/goods/1/2016/06/12/1_05190372487748175_360.jpg', 421, 0.68, 60, '00', '33枝香槟玫瑰，黄莺、石竹梅外围', '复古英文报纸扇形包装，白色麻片束腰，白色与咖啡色缎带扎束', '我想将对你的感情 化作暖暖的阳光 期待那洒落的光明能温暖你的心房', '免费附送精美贺卡，代写您的祝福。(您下单时可填写留言栏)', '本地区各市县、乡镇、街道（市区内免费配送）', '由于鲜花包扎各地的花艺师不同，可能在花束的形式和搭配上与图片不完全一致，但我们保证鲜花的主花材品种、新鲜程度、数量、颜色与说明一致，谢谢。', NULL, NULL, NULL);
INSERT INTO `TBL_FLOWER` VALUES (6, '我为你着迷', '000000', 'http://img.ihuashi.cn/data/upload/shop/store/goods/1/2018/05/24/1_05804767000451159_360.jpg', 380, 0.67, 61, '00', '精选11朵极品蓝色妖姬，情人草或满天星间插，2只小熊', '蓝色珠光纸扇形包装，蓝色缎带扎束，蓝色长方形盒装。', ' 我要用沧海桑田不变的爱来打动你的心，用海枯石烂不朽的爱来滋润你的心，用一生一世永恒的爱来呵护你的心。', '免费附送精美贺卡，代写您的祝福。(您下单时可填写留言栏)', '本地区各市县、乡镇、街道（市区内免费配送）', '由于鲜花包扎各地的花艺师不同，可能在花束的形式和搭配上与图片不完全一致，但我们保证鲜花的主花材品种、新鲜程度、数量、颜色与说明一致，谢谢。', NULL, NULL, NULL);
INSERT INTO `TBL_FLOWER` VALUES (7, '无法不爱你', '000000', 'http://img.ihuashi.cn/data/upload/shop/store/goods/1/2016/10/14/1_05297824232881694_360.jpg', 259, 0.69, 62, '00', '精选11朵精品红玫瑰，2只可爱的小熊，搭配满天星，绿叶', '精选网状包装纸镶嵌，黑色外围包装纸遥相呼应，红色彩带扎束', ' 一生一世一心一意只为爱你而存在。', '免费附送精美贺卡，代写您的祝福。(您下单时可填写留言栏)', '本地区各市县、乡镇、街道（市区内免费配送）', '由于鲜花包扎各地的花艺师不同，可能在花束的形式和搭配上与图片不完全一致，但我们保证鲜花的主花材品种、新鲜程度、数量、颜色与说明一致，谢谢。', NULL, NULL, NULL);
INSERT INTO `TBL_FLOWER` VALUES (8, '情深眷恋', '0000000', 'http://img.ihuashi.cn/data/upload/shop/store/goods/1/2017/12/21/1_05671804289331921_360.jpg', 446, 0.69, 40, '00', '9朵香槟玫瑰，2个平安果，3颗费列罗巧克力，2只小熊，石竹梅搭配。', '精美心形礼盒装。', '我遇见情深款款的你，美丽动人，愿让你知道，是你浓情的眼神，醉掉我心', '免费附送精美贺卡，代写您的祝福。(您下单时可填写留言栏)', '本地区各市县、乡镇、街道（市区内免费配送）', '由于鲜花包扎各地的花艺师不同，可能在花束的形式和搭配上与图片不完全一致，但我们保证鲜花的主花材品种、新鲜程度、数量、颜色与说明一致，谢谢。', NULL, NULL, NULL);
INSERT INTO `TBL_FLOWER` VALUES (9, '幸福有你', '0000000', 'http://img.ihuashi.cn/data/upload/shop/store/goods/1/2016/07/09/1_05213907077665022_360.jpg', 487, 0.69, 42, '00', '33朵精品红玫瑰，搭配黄莺，满天星等', '精品深色礼盒包装', '最最爱你，最最想你，今生今世，只愿与你携手。', '免费附送精美贺卡，代写您的祝福。(您下单时可填写留言栏)', '本地区各市县、乡镇、街道（市区内免费配送）', '由于鲜花包扎各地的花艺师不同，可能在花束的形式和搭配上与图片不完全一致，但我们保证鲜花的主花材品种、新鲜程度、数量、颜色与说明一致，谢谢。', NULL, NULL, NULL);
INSERT INTO `TBL_FLOWER` VALUES (10, '天长地久', '0000000', 'http://img.ihuashi.cn/data/upload/shop/store/goods/1/2016/07/01/1_05206805479120386_360.jpg', 529, 0.64, 42, '00', '19朵蓝色妖姬，栀子叶间插,随机赠送一只公仔', '用雪点纱网包裹每一朵玫瑰，整个花束用白色软纱内衬，白色和蓝色卷边纸圆形包装，白色缎带束扎！', '我们的爱情是天长地久的，我愿意用我的一生去呵护你！', '免费附送精美贺卡，代写您的祝福。(您下单时可填写留言栏)', '本地区各市县、乡镇、街道（市区内免费配送）', '由于鲜花包扎各地的花艺师不同，可能在花束的形式和搭配上与图片不完全一致，但我们保证鲜花的主花材品种、新鲜程度、数量、颜色与说明一致，谢谢。', NULL, NULL, NULL);
INSERT INTO `TBL_FLOWER` VALUES (11, '比翼双飞', '0000000', 'http://img.ihuashi.cn/data/upload/shop/store/goods/1/2016/04/29/1_05152590533428218_360.jpg', 334, 0.65, 53, '00', '11枝极品红玫瑰，搭配桔梗，黄莺，丝带草', '深咖色艺术纸，手握处系粉色丝带，礼盒装', '记得你每一个微笑，记得你每一滴眼泪，手牵手，微笑着肩并肩往前走，你遇见我，我遇见你，然而，遇见你，是此生最美的风景', '免费附送精美贺卡，代写您的祝福。(您下单时可填写留言栏)', '本地区各市县、乡镇、街道（市区内免费配送）', '由于鲜花包扎各地的花艺师不同，可能在花束的形式和搭配上与图片不完全一致，但我们保证鲜花的主花材品种、新鲜程度、数量、颜色与说明一致，谢谢。', NULL, NULL, NULL);
INSERT INTO `TBL_FLOWER` VALUES (12, '美丽心情', '0000000', 'http://img.ihuashi.cn/data/upload/shop/store/goods/1/2017/05/13/1_05480330666857952_360.jpg', 332, 0.66, 134, '00', '5枝白色多头香水百合，黄莺绿叶间插点缀。', '内衬英文雾面纸，外层蓝色珠光纸扇形包装，咖啡色麻片束腰，蓝色缎带扎束', ' 十足祝福送给你，愿你天天拥有美丽心情！', '免费附送精美贺卡，代写您的祝福。(您下单时可填写留言栏)', '本地区各市县、乡镇、街道（市区内免费配送）', '由于鲜花包扎各地的花艺师不同，可能在花束的形式和搭配上与图片不完全一致，但我们保证鲜花的主花材品种、新鲜程度、数量、颜色与说明一致，谢谢。', NULL, NULL, NULL);
INSERT INTO `TBL_FLOWER` VALUES (13, '浪漫心情', '0000000', 'http://img.ihuashi.cn/data/upload/shop/store/goods/1/2017/12/08/1_05660685300301965_360.jpg', 486, 0.69, 142, '00', '11朵戴安娜粉玫瑰，9颗费列罗巧克力，2个苹果，2只小熊', '精美心形礼盒包装（店内实物为准）', '铺满玫瑰的夜里， 有温暖的告白在等待， 来我的怀里，拥抱我的爱， 把你的热情摊开， 我会一直都在！', '免费附送精美贺卡，代写您的祝福。(您下单时可填写留言栏)', '本地区各市县、乡镇、街道（市区内免费配送）', '由于鲜花包扎各地的花艺师不同，可能在花束的形式和搭配上与图片不完全一致，但我们保证鲜花的主花材品种、新鲜程度、数量、颜色与说明一致，谢谢。', NULL, NULL, NULL);
INSERT INTO `TBL_FLOWER` VALUES (14, '风华绝代', '0000000', 'http://img.ihuashi.cn/data/upload/shop/store/goods/1/2016/10/18/1_05301334209315672_360.jpg', 436, 0.68, 121, '00', '33朵精品香槟玫瑰，搭配黄莺、相思梅点缀。', '内衬白色卷边纸并用白色软纱包裹，外层紫色瓦楞纸圆形包装，紫色缎带扎束。', '对于世界而言，你也许很普通；但对于我来说，你是我世界的全部。', '免费附送精美贺卡，代写您的祝福。(您下单时可填写留言栏)', '本地区各市县、乡镇、街道（市区内免费配送）', '由于鲜花包扎各地的花艺师不同，可能在花束的形式和搭配上与图片不完全一致，但我们保证鲜花的主花材品种、新鲜程度、数量、颜色与说明一致，谢谢。', NULL, NULL, NULL);
INSERT INTO `TBL_FLOWER` VALUES (15, '最美的时光', '0000000', 'http://img.ihuashi.cn/data/upload/shop/store/goods/1/2017/09/08/1_05581797879198778_360.jpg', 265, 0.63, 543, '00', '11朵顶级白玫瑰，勿忘我外围丰满点缀。', '复古英文报纸圆形包装，咖啡色缎带束扎。', '有你在身边，是我此生经历的最美时光！你就是无可取代！', '免费附送精美贺卡，代写您的祝福。(您下单时可填写留言栏)', '本地区各市县、乡镇、街道（市区内免费配送）', '由于鲜花包扎各地的花艺师不同，可能在花束的形式和搭配上与图片不完全一致，但我们保证鲜花的主花材品种、新鲜程度、数量、颜色与说明一致，谢谢。', NULL, NULL, NULL);
INSERT INTO `TBL_FLOWER` VALUES (16, '愈爱愈好', '0000000', 'http://img.ihuashi.cn/data/upload/shop/store/goods/1/2016/10/24/1_05306409535052578_360.jpg', 329, 0.72, 142, '00', '精选11朵极品蓝玫瑰，黄莺，满天星丰满搭配。', '雪点薄纱包裹玫瑰，采用蓝色卷边纸，蓝色蝴蝶结包扎', '跟你在一起的每一天都很美好，我想永远跟你好下去。', '免费附送精美贺卡，代写您的祝福。(您下单时可填写留言栏)', '本地区各市县、乡镇、街道（市区内免费配送）', '由于鲜花包扎各地的花艺师不同，可能在花束的形式和搭配上与图片不完全一致，但我们保证鲜花的主花材品种、新鲜程度、数量、颜色与说明一致，谢谢。', NULL, NULL, NULL);
INSERT INTO `TBL_FLOWER` VALUES (17, '花开盛景', '0000000', 'http://img.ihuashi.cn/data/upload/shop/store/goods/1/2018/05/24/1_05804997690981566_360.jpg', 278, 0.64, 124, '00', '精选11朵红玫瑰加2只小熊公仔，满天星围边，叶上黄金间插（或用黄莺代替）', '内衬白色绵纸，外层灰色牛皮纸叠角包装，红色加白色缎带束扎。', '摘一颗星，采一朵云，装入思念的信封里，献给你--在这一年中最美好的一天。', '免费附送精美贺卡，代写您的祝福。(您下单时可填写留言栏)', '本地区各市县、乡镇、街道（市区内免费配送）', '由于鲜花包扎各地的花艺师不同，可能在花束的形式和搭配上与图片不完全一致，但我们保证鲜花的主花材品种、新鲜程度、数量、颜色与说明一致，谢谢。', NULL, NULL, NULL);
INSERT INTO `TBL_FLOWER` VALUES (18, '甜如蜜', '0000000', 'http://img.ihuashi.cn/data/upload/shop/store/goods/1/2016/09/06/1_05264903293584806_360.jpg', 278, 0.64, 41, '00', '精选11朵红玫瑰加2只小熊公仔，满天星围边，叶上黄金间插（或用黄莺代替）', '内衬白色绵纸，外层灰色牛皮纸叠角包装，红色加白色缎带束扎。', '摘一颗星，采一朵云，装入思念的信封里，献给你--在这一年中最美好的一天。', '免费附送精美贺卡，代写您的祝福。(您下单时可填写留言栏)', '本地区各市县、乡镇、街道（市区内免费配送）', '由于鲜花包扎各地的花艺师不同，可能在花束的形式和搭配上与图片不完全一致，但我们保证鲜花的主花材品种、新鲜程度、数量、颜色与说明一致，谢谢。', NULL, NULL, NULL);
INSERT INTO `TBL_FLOWER` VALUES (19, '钟爱一生', '0000000', 'http://img.ihuashi.cn/data/upload/shop/store/goods/1/2018/01/11/1_05689936933977095_360.jpg', 568, 0.61, 123, '00', '9朵戴安娜玫瑰、10朵红玫瑰、6朵香槟玫瑰、10朵白玫瑰摆成LOVE、一个小熊、黄杨叶铺垫', '长方形礼盒装。', '一次偶然的相遇,一次甜蜜的约会,一次激情的拥抱,一次伤感的别离.认识你,就是一个完美的结局。', '免费附送精美贺卡，代写您的祝福。(您下单时可填写留言栏)', '本地区各市县、乡镇、街道（市区内免费配送）', '由于鲜花包扎各地的花艺师不同，可能在花束的形式和搭配上与图片不完全一致，但我们保证鲜花的主花材品种、新鲜程度、数量、颜色与说明一致，谢谢。', NULL, NULL, NULL);
INSERT INTO `TBL_FLOWER` VALUES (20, '恒久挚爱', '0000000', 'http://img.ihuashi.cn/data/upload/shop/store/goods/1/2016/09/06/1_05264865531604459_360.jpg', 489, 0.63, 32, '00', '精选33枝红玫瑰，适量绿叶，搭配黄莺，羽毛点缀', '由内向外由羽毛，紫色卷边纸及紫色细纱包装，由白色彩带打蝴蝶结', '有爱,生命就会开花,这花一定有蜜,有爱的潜流,生活就有 动力,生命就不会枯竭.爱在身边,就是我一生的情怀！', '免费附送精美贺卡，代写您的祝福。(您下单时可填写留言栏)', '本地区各市县、乡镇、街道（市区内免费配送）', '由于鲜花包扎各地的花艺师不同，可能在花束的形式和搭配上与图片不完全一致，但我们保证鲜花的主花材品种、新鲜程度、数量、颜色与说明一致，谢谢。', NULL, NULL, NULL);
INSERT INTO `TBL_FLOWER` VALUES (22, '你是我的璀璨星光', '00000000', 'http://img.ihuashi.cn/data/upload/shop/store/goods/1/2016/05/17/1_05168010452975113_360.jpg', 455, 0.63, 23, '00', '昆明空运33枝顶级红玫瑰，搭配黄莺、石竹梅（或相思梅）', '粉色卷边纸内衬，红色卷边纸精美圆形包装，搭配粉色蝴蝶结', '在我心中任何时刻都只有\'\'想你!爱你!\" ，你是我的璀璨星光！', '免费附送精美贺卡，代写您的祝福。(您下单时可填写留言栏)', '本地区各市县、乡镇、街道（市区内免费配送）', '由于鲜花包扎各地的花艺师不同，可能在花束的形式和搭配上与图片不完全一致，但我们保证鲜花的主花材品种、新鲜程度、数量、颜色与说明一致，谢谢。', NULL, NULL, NULL);
INSERT INTO `TBL_FLOWER` VALUES (23, '爱的诺言', '0000000', 'http://img.ihuashi.cn/data/upload/shop/store/goods/1/2016/09/05/1_05264038097526110_360.jpg', 637, 0.57, 42, '00', '52朵极品昆明香槟，戴安娜玫瑰混搭，外围石竹梅（或相思梅）丰满围边。', '高档韩式包装，花结束扎。', '花儿说，为了你我不愿随风而去；花儿说，珍藏我们的感情就是珍藏记忆；花儿说，珍藏我们的记忆就是珍藏甜蜜！', '免费附送精美贺卡，代写您的祝福。(您下单时可填写留言栏)', '本地区各市县、乡镇、街道（市区内免费配送）', '由于鲜花包扎各地的花艺师不同，可能在花束的形式和搭配上与图片不完全一致，但我们保证鲜花的主花材品种、新鲜程度、数量、颜色与说明一致，谢谢。', NULL, NULL, NULL);
INSERT INTO `TBL_FLOWER` VALUES (24, '平淡幸福', '0000000', 'http://img.ihuashi.cn/data/upload/shop/store/goods/1/2017/12/08/1_05660698082817778_360.jpg', 368, 0.63, 343, '00', '10朵精品粉色玫瑰，1个苹果，搭配绿叶，1只小熊', '精美心形礼盒包装（店内实物为准）', ' 爱情不用太多肉麻的话语，爱你就是永远对你不离不弃，包容你关心你理解你，爱情是只属于两个人的平平淡淡，简简单单。', '免费附送精美贺卡，代写您的祝福。(您下单时可填写留言栏)', '本地区各市县、乡镇、街道（市区内免费配送）', '由于鲜花包扎各地的花艺师不同，可能在花束的形式和搭配上与图片不完全一致，但我们保证鲜花的主花材品种、新鲜程度、数量、颜色与说明一致，谢谢。', NULL, NULL, NULL);
INSERT INTO `TBL_FLOWER` VALUES (25, '用心爱你', '0000000', 'http://img.ihuashi.cn/data/upload/shop/store/goods/1/2016/11/11/1_05321939982242479_360.jpg', 1049, 0.58, 43, '00', '精心挑选66枝红玫瑰，33枝戴安娜粉玫瑰，外围满天星、黄莺丰满点缀。', '里层粉色手揉纸，外层粉色珠光纱包裹，粉色缎带束扎。', ' 我的爱永远不变！想和你相守，直到天荒地老......', '免费附送精美贺卡，代写您的祝福。(您下单时可填写留言栏)', '本地区各市县、乡镇、街道（市区内免费配送）', '由于鲜花包扎各地的花艺师不同，可能在花束的形式和搭配上与图片不完全一致，但我们保证鲜花的主花材品种、新鲜程度、数量、颜色与说明一致，谢谢。', NULL, NULL, NULL);
INSERT INTO `TBL_FLOWER` VALUES (26, '欢乐颂', '0000000', 'http://img.ihuashi.cn/data/upload/shop/store/goods/1/2016/05/11/1_05163031756408160_360.jpg', 407, 0.68, 41, '00', '外围高档粉色古典纸，内衬格纹雾面纸，系金色丝带蝴蝶结束扎。', '精选33朵极品香槟玫瑰，外围叶上黄金点缀。', '真情就象四季盛开的花，无论要经历怎样的风雪骄阳，也无法停止我对你一如既往的倾慕！', '免费附送精美贺卡，代写您的祝福。(您下单时可填写留言栏)', '本地区各市县、乡镇、街道（市区内免费配送）', '由于鲜花包扎各地的花艺师不同，可能在花束的形式和搭配上与图片不完全一致，但我们保证鲜花的主花材品种、新鲜程度、数量、颜色与说明一致，谢谢。', NULL, NULL, NULL);
INSERT INTO `TBL_FLOWER` VALUES (27, '因为遇见你', '0000000', 'http://img.ihuashi.cn/data/upload/shop/store/goods/1/2016/10/24/1_05306309528512644_360.jpg', 525, 0.7, 56, '00', '精选19枝顶级蓝玫瑰，8朵白百合，黄莺间插', '内围蓝色瓦楞纸，白色网纱包裹，缎带包扎', '有你同行，人生的道路便如同鲜花铺成。', '免费附送精美贺卡，代写您的祝福。(您下单时可填写留言栏)', '本地区各市县、乡镇、街道（市区内免费配送）', '由于鲜花包扎各地的花艺师不同，可能在花束的形式和搭配上与图片不完全一致，但我们保证鲜花的主花材品种、新鲜程度、数量、颜色与说明一致，谢谢。', NULL, NULL, NULL);
INSERT INTO `TBL_FLOWER` VALUES (28, '为你沦陷', '0000000', 'http://img.ihuashi.cn/data/upload/shop/store/goods/1/2016/11/04/1_05315968504250663_360.jpg', 967, 0.58, 51, '00', '精选99朵优质红玫瑰，相思梅围边，叶上黄金外围点缀', '黑色牛皮纸叠角包装，高档红色缎带扎束', '遇见你是命运的安排，而爱上你是我情不自禁，想和你一起，携手一生', '免费附送精美贺卡，代写您的祝福。(您下单时可填写留言栏)', '本地区各市县、乡镇、街道（市区内免费配送）', '由于鲜花包扎各地的花艺师不同，可能在花束的形式和搭配上与图片不完全一致，但我们保证鲜花的主花材品种、新鲜程度、数量、颜色与说明一致，谢谢。', NULL, NULL, NULL);
INSERT INTO `TBL_FLOWER` VALUES (29, '心动的感觉', '0000000', 'http://img.ihuashi.cn/data/upload/shop/store/goods/1/2016/10/20/1_05302752619815741_360.jpg', 426, 0.64, 56, '00', '33朵顶级香槟玫瑰，黄莺丰满点缀，随机赠送2只小熊', '复古英文报纸不规则包装，波点缎带包扎', ' 就算世界与星空每天改变,爱你更多总不减半点,最爱听你 声线,谁轻轻叫唤我,唤醒心中爱火,幸运只因有着你,不再 流浪与磋砣......', '免费附送精美贺卡，代写您的祝福。(您下单时可填写留言栏)', '本地区各市县、乡镇、街道（市区内免费配送）', '由于鲜花包扎各地的花艺师不同，可能在花束的形式和搭配上与图片不完全一致，但我们保证鲜花的主花材品种、新鲜程度、数量、颜色与说明一致，谢谢。', NULL, NULL, NULL);
INSERT INTO `TBL_FLOWER` VALUES (30, '牵手一辈子', '0000000', 'http://img.ihuashi.cn/data/upload/shop/store/goods/1/2016/12/21/1_05356456134861699_360.jpg', 998, 0.64, 51, '00', '73朵红玫瑰，26朵白玫瑰，1颗苹果', '长方形礼盒包装（礼盒随机发货）', '爱你一生一世，决不放弃', '免费附送精美贺卡，代写您的祝福。(您下单时可填写留言栏)', '本地区各市县、乡镇、街道（市区内免费配送）', '由于鲜花包扎各地的花艺师不同，可能在花束的形式和搭配上与图片不完全一致，但我们保证鲜花的主花材品种、新鲜程度、数量、颜色与说明一致，谢谢。', NULL, NULL, NULL);
INSERT INTO `TBL_FLOWER` VALUES (31, '爱你的名义', '0000000', 'http://img.ihuashi.cn/data/upload/shop/store/goods/1/2016/10/18/1_05301290508095570_360.jpg', 456, 0.64, 11, '00', '33枝顶级红玫瑰，绿叶点缀。', '高档咖啡色牛皮纸圆形包装，红色丝带蝴蝶结束扎。', ' 爱你每一天。', '免费附送精美贺卡，代写您的祝福。(您下单时可填写留言栏)', '本地区各市县、乡镇、街道（市区内免费配送）', '由于鲜花包扎各地的花艺师不同，可能在花束的形式和搭配上与图片不完全一致，但我们保证鲜花的主花材品种、新鲜程度、数量、颜色与说明一致，谢谢。', NULL, NULL, NULL);
INSERT INTO `TBL_FLOWER` VALUES (32, '只对你有感觉', '0000000', 'http://img.ihuashi.cn/data/upload/shop/store/goods/1/2016/10/13/1_05296948781943355_360.jpg', 419, 0.64, 14, '00', '精选33朵红玫瑰，搭配2只小熊，黄莺。', '复古英文报纸内衬，外层酒红色高档纸扇形包装、酒红色细麻片束腰、酒红白色相间蝴蝶结。', '我知道你最喜欢这首歌，我也知道你的心思，我想你。', '免费附送精美贺卡，代写您的祝福。(您下单时可填写留言栏)', '本地区各市县、乡镇、街道（市区内免费配送）', '由于鲜花包扎各地的花艺师不同，可能在花束的形式和搭配上与图片不完全一致，但我们保证鲜花的主花材品种、新鲜程度、数量、颜色与说明一致，谢谢。', NULL, NULL, NULL);
INSERT INTO `TBL_FLOWER` VALUES (33, '深深的祝福', '0000000', 'http://img.ihuashi.cn/data/upload/shop/store/goods/1/2016/06/03/1_05182628098150505_360.jpg', 349, 0.64, 52, '00', '5枝白色多头百合，搭配满天星、黄莺、外围勿忘我点缀。', '紫色精美包装纸包装，紫色蝴蝶结点缀。', '爱，需要一点一滴的积累；情，需要每分每秒的坚持……', '免费附送精美贺卡，代写您的祝福。(您下单时可填写留言栏)', '本地区各市县、乡镇、街道（市区内免费配送）', '由于鲜花包扎各地的花艺师不同，可能在花束的形式和搭配上与图片不完全一致，但我们保证鲜花的主花材品种、新鲜程度、数量、颜色与说明一致，谢谢。', NULL, NULL, NULL);
INSERT INTO `TBL_FLOWER` VALUES (34, '完美爱人', '0000000', 'http://img.ihuashi.cn/data/upload/shop/store/goods/1/2016/10/24/1_05306420212716910_360.jpg', 369, 0.64, 66, '00', '精选11朵极品蓝色妖姬，2只小熊，石竹梅，黄莺丰满搭配', '白色卷边纸内裹，白色软纱包边，外层蓝色卷边纸双层，白色软纱束腰，宝蓝色蝴蝶结包扎', ' 终于等到你，还好我没放弃。', '免费附送精美贺卡，代写您的祝福。(您下单时可填写留言栏)', '本地区各市县、乡镇、街道（市区内免费配送）', '由于鲜花包扎各地的花艺师不同，可能在花束的形式和搭配上与图片不完全一致，但我们保证鲜花的主花材品种、新鲜程度、数量、颜色与说明一致，谢谢。', NULL, NULL, NULL);
INSERT INTO `TBL_FLOWER` VALUES (35, '爱在身边', '0000000', 'http://img.ihuashi.cn/data/upload/shop/store/goods/1/2017/01/04/1_05368398419081581_360.png', 489, 0.64, 44, '00', '33朵精品红玫瑰，2枝粉色多头百合，黄莺搭配', '双层咖啡色瓦楞纸圆形包装，内衬白色软纱，咖啡色丝带扎束', '坚定的爱.当所有一切都已看平淡，有一种精致还留在心田，等到老去的一天,可知一生有你我都陪在你身边', '免费附送精美贺卡，代写您的祝福。(您下单时可填写留言栏)', '本地区各市县、乡镇、街道（市区内免费配送）', '由于鲜花包扎各地的花艺师不同，可能在花束的形式和搭配上与图片不完全一致，但我们保证鲜花的主花材品种、新鲜程度、数量、颜色与说明一致，谢谢。', NULL, NULL, NULL);
INSERT INTO `TBL_FLOWER` VALUES (36, '蓝色爱情海', '0000000', 'http://img.ihuashi.cn/data/upload/shop/store/goods/1/2016/10/21/1_05303833749323159_360.jpg', 1630, 0.64, 55, '00', '精心挑选99枝顶级蓝玫瑰做成心形，外围黄莺，满天星丰满点缀', '白色羽毛环绕，外围蓝色卷边纸双层圆形包装，搭配蓝色蝴蝶结', '在这爱情的季节，你的微笑滋润了我干涸的等待，它宛若银色的浪花，起伏在黑夜里，没有你的路，让我感觉到孤寂无助，你的微笑熏醉了我的心，它像期待着我的花朵，灿烂在属于我的季节里一样', '免费附送精美贺卡，代写您的祝福。(您下单时可填写留言栏)', '本地区各市县、乡镇、街道（市区内免费配送）', '由于鲜花包扎各地的花艺师不同，可能在花束的形式和搭配上与图片不完全一致，但我们保证鲜花的主花材品种、新鲜程度、数量、颜色与说明一致，谢谢。', NULL, NULL, NULL);
INSERT INTO `TBL_FLOWER` VALUES (37, '甜蜜暴击', '0000000', 'http://img.ihuashi.cn/data/upload/shop/store/goods/1/2016/07/09/1_05213805824798043_360.jpg', 967, 0.64, 433, '00', '99朵红玫瑰，黄莺，满天星丰满围边，2只小熊', '粉色卷边纸多层圆形包装，紫色缎带扎束', ' 望着情人眼，浪漫在眼前。摸着情人脸，柔情比蜜甜。怜着情人心，爱意心连心。想着情人好，情网无可逃。牵着情人手，这就跟我走', '免费附送精美贺卡，代写您的祝福。(您下单时可填写留言栏)', '本地区各市县、乡镇、街道（市区内免费配送）', '由于鲜花包扎各地的花艺师不同，可能在花束的形式和搭配上与图片不完全一致，但我们保证鲜花的主花材品种、新鲜程度、数量、颜色与说明一致，谢谢。', NULL, NULL, NULL);
INSERT INTO `TBL_FLOWER` VALUES (38, '青春最好时', '0000000', 'http://img.ihuashi.cn/data/upload/shop/store/goods/1/2016/05/25/1_05175142511662578_360.jpg', 1099, 0.64, 22, '00', '99朵香槟玫瑰，黄莺、相思梅（没有可用其它代替）外围，随机赠送两只可爱小公仔', '英文纸圆形包装，同色蝴蝶结束扎', '想牵你的手，一起到一个叫永远的地方，看天长地久的风景，尝海枯石烂的味道，直到……永远！', '免费附送精美贺卡，代写您的祝福。(您下单时可填写留言栏)', '本地区各市县、乡镇、街道（市区内免费配送）', '由于鲜花包扎各地的花艺师不同，可能在花束的形式和搭配上与图片不完全一致，但我们保证鲜花的主花材品种、新鲜程度、数量、颜色与说明一致，谢谢。', NULL, NULL, NULL);
INSERT INTO `TBL_FLOWER` VALUES (39, '致予动人的你', '0000000', 'http://img.ihuashi.cn/data/upload/shop/store/goods/1/2016/07/09/1_05213929530491109_360.jpg', 956, 0.64, 11, '00', '99朵红玫瑰，香槟玫瑰，戴安娜玫瑰，香槟玫瑰', '红色包装纸包装，花色丝带蝴蝶结', ' 最最爱你，最最想你，今生今世，只愿与你携手。', '免费附送精美贺卡，代写您的祝福。(您下单时可填写留言栏)', '本地区各市县、乡镇、街道（市区内免费配送）', '由于鲜花包扎各地的花艺师不同，可能在花束的形式和搭配上与图片不完全一致，但我们保证鲜花的主花材品种、新鲜程度、数量、颜色与说明一致，谢谢。', NULL, NULL, NULL);
INSERT INTO `TBL_FLOWER` VALUES (40, '扶摇', '0000000', 'http://img.ihuashi.cn/data/upload/shop/store/goods/1/2016/05/13/1_05164597934533767_360.jpg', 1043, 0.64, 111, '00', '99朵戴安娜玫瑰红玫瑰混搭，大黄莺和满天星外围， 随机赠送两只公仔', '白色卷边纸内村，粉红色雪点网纱包裹浅色卷边纸圆形包装，粉红色蝴蝶结束扎', ' 我喜欢你那灿烂的笑容，我愿将你铭记于心，希望与你泛起激情的爱', '免费附送精美贺卡，代写您的祝福。(您下单时可填写留言栏)', '本地区各市县、乡镇、街道（市区内免费配送）', '由于鲜花包扎各地的花艺师不同，可能在花束的形式和搭配上与图片不完全一致，但我们保证鲜花的主花材品种、新鲜程度、数量、颜色与说明一致，谢谢。', NULL, NULL, NULL);
INSERT INTO `TBL_FLOWER` VALUES (41, '拥抱的幸福', '0000000', 'http://img.ihuashi.cn/data/upload/shop/store/goods/1/2016/05/25/1_05175123055790329_360.jpg', 569, 0.64, 54, '00', '22朵红玫瑰，11颗巧克力，一对可爱小熊，搭配蓬莱松、相思梅点缀。', '高档精美长方形礼盒包装。', ' 永远爱你此情不渝，想念那条街,想念与你遇见的地方,想念和你的第一次牵手。', '免费附送精美贺卡，代写您的祝福。(您下单时可填写留言栏)', '本地区各市县、乡镇、街道（市区内免费配送）', '由于鲜花包扎各地的花艺师不同，可能在花束的形式和搭配上与图片不完全一致，但我们保证鲜花的主花材品种、新鲜程度、数量、颜色与说明一致，谢谢。', NULL, NULL, NULL);
INSERT INTO `TBL_FLOWER` VALUES (42, '向着幸福前进', '0000000', 'http://img.ihuashi.cn/data/upload/shop/store/goods/1/2016/09/06/1_05264905799018857_360.jpg', 967, 0.64, 22, '00', '精选99朵红玫瑰花束，搭配粉色相思梅。', '淡黄色瓦楞纸纸内衬，淡黄色金边W纱网外围圆形包装，精美红色丝带束扎。', ' 人生一世，总有个追求，有个盼望，有个让自己珍视，自己向往，让自己护卫，愿意为之生活一遭，乃至为之献身的东西，这就值了。', '免费附送精美贺卡，代写您的祝福。(您下单时可填写留言栏)', '本地区各市县、乡镇、街道（市区内免费配送）', '由于鲜花包扎各地的花艺师不同，可能在花束的形式和搭配上与图片不完全一致，但我们保证鲜花的主花材品种、新鲜程度、数量、颜色与说明一致，谢谢。', NULL, NULL, NULL);
INSERT INTO `TBL_FLOWER` VALUES (43, '星语星愿', '0000000', 'http://img.ihuashi.cn/data/upload/shop/store/goods/1/2016/05/13/1_05164538954503284_360.jpg', 999, 0.64, 65, '00', '白玫瑰，红玫瑰共99朵，白玫瑰围一圈心形，两只可爱小熊', '精品心型礼盒', '都说流星有求必应，我愿在星空下等待，等到一颗星被我感动，载着我的思念和祝福，落在你熟睡的枕边。', '免费附送精美贺卡，代写您的祝福。(您下单时可填写留言栏)', '本地区各市县、乡镇、街道（市区内免费配送）', '由于鲜花包扎各地的花艺师不同，可能在花束的形式和搭配上与图片不完全一致，但我们保证鲜花的主花材品种、新鲜程度、数量、颜色与说明一致，谢谢。', NULL, NULL, NULL);
INSERT INTO `TBL_FLOWER` VALUES (44, '日进斗金', '0000000', 'http://img.ihuashi.cn/data/upload/shop/store/goods/1/2018/05/29/1_05809283850316808_360.jpg', 428, 0.64, 66, '00', '3朵粉百合，各色扶郎花丰满，栀子叶、散尾葵搭配', '粉色棉纸扎花，双层开业花篮', ' 生意兴隆，财源滚滚！顾客盈门，财源似海。', '免费附送精美贺卡，代写您的祝福。(您下单时可填写留言栏)', '本地区各市县、乡镇、街道（市区内免费配送）', '由于鲜花包扎各地的花艺师不同，可能在花束的形式和搭配上与图片不完全一致，但我们保证鲜花的主花材品种、新鲜程度、数量、颜色与说明一致，谢谢。', NULL, NULL, NULL);
INSERT INTO `TBL_FLOWER` VALUES (45, '一揽八方财', '0000000', 'http://img.ihuashi.cn/data/upload/shop/store/goods/1/2016/05/26/1_05175749478313287_360.jpg', 342, 0.64, 142, '00', '各色扶郎花，7朵粉色百合，洋兰，富贵竹、剑叶搭配。', '开业花篮', '幽香拂面，紫气兆祥，庆开业典礼，祝生意如春浓，财源似水来！', '免费附送精美贺卡，代写您的祝福。(您下单时可填写留言栏)', '本地区各市县、乡镇、街道（市区内免费配送）', '由于鲜花包扎各地的花艺师不同，可能在花束的形式和搭配上与图片不完全一致，但我们保证鲜花的主花材品种、新鲜程度、数量、颜色与说明一致，谢谢。', NULL, NULL, NULL);
INSERT INTO `TBL_FLOWER` VALUES (46, '鸿途非凡', '0000000', 'http://img.ihuashi.cn/data/upload/shop/store/goods/1/2017/10/13/1_05612101455216038_360.jpg', 399, 0.64, 122, '00', '白百合、粉百合、各色扶郎花、香槟玫瑰、白色及绿桔梗、粉色金鱼草、散尾叶', '开业花篮，红色祥云纸围边', '开业大吉，鸿途非凡', '免费附送精美贺卡，代写您的祝福。(您下单时可填写留言栏)', '本地区各市县、乡镇、街道（市区内免费配送）', '由于鲜花包扎各地的花艺师不同，可能在花束的形式和搭配上与图片不完全一致，但我们保证鲜花的主花材品种、新鲜程度、数量、颜色与说明一致，谢谢。', NULL, NULL, NULL);
INSERT INTO `TBL_FLOWER` VALUES (47, '鸿图大展', '0000000', 'http://img.ihuashi.cn/data/upload/shop/store/goods/1/2016/05/27/1_05176636377049265_360.jpg', 730, 0.64, 144, '00', '各色扶郎花，8朵粉百合，红掌，洋兰，天堂鸟，剑兰，绿叶间插，巴西叶，散尾葵叶搭配。', '开业花篮', ' 吉星高照，财运享通。', '免费附送精美贺卡，代写您的祝福。(您下单时可填写留言栏)', '本地区各市县、乡镇、街道（市区内免费配送）', '由于鲜花包扎各地的花艺师不同，可能在花束的形式和搭配上与图片不完全一致，但我们保证鲜花的主花材品种、新鲜程度、数量、颜色与说明一致，谢谢。', NULL, NULL, NULL);
INSERT INTO `TBL_FLOWER` VALUES (48, '一门瑞气', '0000000', 'http://img.ihuashi.cn/data/upload/shop/store/goods/1/2018/04/26/1_05780692974754209_360.jpg', 256, 0.64, 511, '00', '各色扶朗、白百合、散尾葵等花材。', '三脚架花篮', '一门瑞气，万里和风。', '免费附送精美贺卡，代写您的祝福。(您下单时可填写留言栏)', '本地区各市县、乡镇、街道（市区内免费配送）', '由于鲜花包扎各地的花艺师不同，可能在花束的形式和搭配上与图片不完全一致，但我们保证鲜花的主花材品种、新鲜程度、数量、颜色与说明一致，谢谢。', NULL, NULL, NULL);
INSERT INTO `TBL_FLOWER` VALUES (49, '骏业隆发', '0000000', 'http://img.ihuashi.cn/data/upload/shop/store/goods/1/2016/04/30/1_05153314527658413_360.jpg', 524, 0.64, 114, '00', '各种扶郎花，粉百合，洋兰，红掌，天堂鸟，剑兰，绿叶，巴西叶，散尾葵叶搭配。', '精心花篮包装', '秉管鲍精神，因商作战；富陶朱学术，到处皆春。', '免费附送精美贺卡，代写您的祝福。(您下单时可填写留言栏)', '本地区各市县、乡镇、街道（市区内免费配送）', '由于鲜花包扎各地的花艺师不同，可能在花束的形式和搭配上与图片不完全一致，但我们保证鲜花的主花材品种、新鲜程度、数量、颜色与说明一致，谢谢。', NULL, NULL, NULL);
INSERT INTO `TBL_FLOWER` VALUES (50, '鸿运高照', '000000', 'http://img.ihuashi.cn/data/upload/shop/store/goods/1/2016/07/21/1_05224292270445608_360.jpg', 354, 0.64, 515, '00', '发财树', '配一个精美花盆（不保证跟图片一模一样)，图片黑色底座为装饰物，仅供图片效果，实物无此。', '吉祥如意，贵人相伴，好运常在。', '免费附送精美贺卡，代写您的祝福。(您下单时可填写留言栏)', '本地区各市县、乡镇、街道（市区内免费配送）', '由于鲜花包扎各地的花艺师不同，可能在花束的形式和搭配上与图片不完全一致，但我们保证鲜花的主花材品种、新鲜程度、数量、颜色与说明一致，谢谢。', NULL, NULL, NULL);
INSERT INTO `TBL_FLOWER` VALUES (51, '红火发达', '0000000', 'http://img.ihuashi.cn/data/upload/shop/store/goods/1/2018/11/30/1_05969182259233435_360.jpg', 1088, 0.64, 153, '00', '红玫瑰适量，红色凤尾鸡冠花间插，红豆适量，尤加利搭配', '三脚架花篮，黑红色欧雅纸包裹，红色及白色英文缎带束扎', '祝你开业吉祥，红火发达；传一份真情，祝你蒸蒸日上，生意兴隆。', '免费附送精美贺卡，代写您的祝福。(您下单时可填写留言栏)', '本地区各市县、乡镇、街道（市区内免费配送）', '由于鲜花包扎各地的花艺师不同，可能在花束的形式和搭配上与图片不完全一致，但我们保证鲜花的主花材品种、新鲜程度、数量、颜色与说明一致，谢谢。', NULL, NULL, NULL);
INSERT INTO `TBL_FLOWER` VALUES (52, '爱的告白', '0000000', 'http://img.ihuashi.cn/data/upload/shop/store/goods/1/2016/05/11/1_05162940657582109_1280.jpg', 426, 0.67, 115, '00', '11枝顶级红玫瑰，2枝香水百合，搭配黄莺点缀。', '内衬棉纸，多层红色皱纹纸包装，红色丝带束扎。', '在人群之中寻觅著你，就彷佛在海边掬起所有的沙粒，急于发现你的踪迹，如果不从愿，但愿还有来生。', '免费附送精美贺卡，代写您的祝福。(您下单时可填写留言栏)', '本地区各市县、乡镇、街道（市区内免费配送）', '由于鲜花包扎各地的花艺师不同，可能在花束的形式和搭配上与图片不完全一致，但我们保证鲜花的主花材品种、新鲜程度、数量、颜色与说明一致，谢谢。', NULL, NULL, NULL);
INSERT INTO `TBL_FLOWER` VALUES (53, '枫叶流丹', '0000000', 'http://img.ihuashi.cn/data/upload/shop/store/goods/1/2016/05/25/1_05175121832914611_360.jpg', 565, 0.76, 52, '00', '11朵精选白玫瑰+9颗费列罗巧克力+可爱情侣小熊一对，满天星绿叶四周点缀。', '紫色心形高档礼盒包装。', '情不知所起，一往而深，恋之爱之，停之不下。', '免费附送精美贺卡，代写您的祝福。(您下单时可填写留言栏)', '本地区各市县、乡镇、街道（市区内免费配送）', '由于鲜花包扎各地的花艺师不同，可能在花束的形式和搭配上与图片不完全一致，但我们保证鲜花的主花材品种、新鲜程度、数量、颜色与说明一致，谢谢。', NULL, NULL, NULL);
INSERT INTO `TBL_FLOWER` VALUES (54, '甜蜜的你', '000000', 'http://img.ihuashi.cn/data/upload/shop/store/goods/1/2016/10/18/1_05301141605655328_360.jpg', 562, 0.65, 52, '00', '33朵顶级戴安娜玫瑰，搭配黄莺点缀。', '蓝色纸圆形包装，底部银色丝带精美束扎。', ' 爱情小屋，用邂逅来选址，用缘分来建筑，用真情来装修，用忠诚来守护，用思念来温暖，用宽容来挡雨，让我们牵手入住，相伴幸福。', '免费附送精美贺卡，代写您的祝福。(您下单时可填写留言栏)', '本地区各市县、乡镇、街道（市区内免费配送）', '由于鲜花包扎各地的花艺师不同，可能在花束的形式和搭配上与图片不完全一致，但我们保证鲜花的主花材品种、新鲜程度、数量、颜色与说明一致，谢谢。', NULL, NULL, NULL);
INSERT INTO `TBL_FLOWER` VALUES (55, '心跳的感觉', '0000000', 'http://img.ihuashi.cn/data/upload/shop/store/goods/1/2016/10/15/1_05298569828721187_360.jpg', 699, 0.65, 533, '00', '精选15支顶级蓝色妖姬和18支白玫瑰，搭配石竹梅外围点缀。', '高档宝蓝色硬纸，蓝色缎带包扎', '我的爱永远不变！想和你相守，直到天荒地老....', '免费附送精美贺卡，代写您的祝福。(您下单时可填写留言栏)', '本地区各市县、乡镇、街道（市区内免费配送）', '由于鲜花包扎各地的花艺师不同，可能在花束的形式和搭配上与图片不完全一致，但我们保证鲜花的主花材品种、新鲜程度、数量、颜色与说明一致，谢谢。', NULL, NULL, NULL);
INSERT INTO `TBL_FLOWER` VALUES (56, '爱情勿忘我', '0000000', 'http://img.ihuashi.cn/data/upload/shop/store/goods/1/2016/07/08/1_05213069391676021_360.jpg', 426, 0.67, 53, '00', '11朵顶级红玫瑰花束，绿叶搭配', '咖色云丝纸包装，深咖色蝴蝶节', '爱是互相惦记，爱是相互关怀，爱是相互搀扶，爱是相互勿忘', '免费附送精美贺卡，代写您的祝福。(您下单时可填写留言栏)', '本地区各市县、乡镇、街道（市区内免费配送）', '由于鲜花包扎各地的花艺师不同，可能在花束的形式和搭配上与图片不完全一致，但我们保证鲜花的主花材品种、新鲜程度、数量、颜色与说明一致，谢谢。', NULL, NULL, NULL);
INSERT INTO `TBL_FLOWER` VALUES (57, '蓝色之吻', '0000000', 'http://img.ihuashi.cn/data/upload/shop/store/goods/1/2016/05/25/1_05175081920315233_1280.jpg', 654, 0.67, 111, '00', '19颗正品费列罗巧克力，搭配2只情侣小熊。', '蓝色面纸，外深蓝色蚕丝网包装，蓝色高端礼盒装。', '庄重低调正如亲爱的你给我的感觉。', '免费附送精美贺卡，代写您的祝福。(您下单时可填写留言栏)', '本地区各市县、乡镇、街道（市区内免费配送）', '由于鲜花包扎各地的花艺师不同，可能在花束的形式和搭配上与图片不完全一致，但我们保证鲜花的主花材品种、新鲜程度、数量、颜色与说明一致，谢谢。', NULL, NULL, NULL);
INSERT INTO `TBL_FLOWER` VALUES (58, '花前月下', '0000000', 'http://img.ihuashi.cn/data/upload/shop/store/goods/1/2016/07/09/1_05213789517859547_360.jpg', 600, 0.67, 155, '00', '33朵混搭玫瑰，安娜+紫玫瑰+香槟玫瑰 各11朵，白色石竹梅围边', '小梅花浅紫色宣纸圆形包装，白色缎带蝴蝶结扎束', '今生有你相伴，是我最大的愿和最大的盼，是你带我离开孤单的虚幻，带我走进现实的梦田，那一句句暖人的话，深藏得都是爱的无限', '免费附送精美贺卡，代写您的祝福。(您下单时可填写留言栏)', '本地区各市县、乡镇、街道（市区内免费配送）', '由于鲜花包扎各地的花艺师不同，可能在花束的形式和搭配上与图片不完全一致，但我们保证鲜花的主花材品种、新鲜程度、数量、颜色与说明一致，谢谢。', NULL, NULL, NULL);
INSERT INTO `TBL_FLOWER` VALUES (59, '微妙的情愫', '0000000', 'http://img.ihuashi.cn/data/upload/shop/store/goods/1/2016/04/29/1_05152631133126204_360.jpg', 582, 0.66, 152, '00', '9只可爱小熊，6颗巧克力，紫色羽毛丰满。', '紫色精品包装纸扇形包装，蝴蝶结束扎。', '记得你每一个微笑，记得你每一滴眼泪，手牵手，微笑着肩并肩往前走，你遇见我，我遇见你，然而，遇见你，是此生最美的风景', '免费附送精美贺卡，代写您的祝福。(您下单时可填写留言栏)', '本地区各市县、乡镇、街道（市区内免费配送）', '由于鲜花包扎各地的花艺师不同，可能在花束的形式和搭配上与图片不完全一致，但我们保证鲜花的主花材品种、新鲜程度、数量、颜色与说明一致，谢谢。', NULL, NULL, NULL);
INSERT INTO `TBL_FLOWER` VALUES (60, '心心相印', '0000000', 'http://img.ihuashi.cn/data/upload/shop/store/goods/1/2017/06/02/1_05497279508223653_360.jpg', 624, 0.62, 122, '00', '18支红玫瑰，18支戴安娜玫瑰，8支多头粉色康乃馨，蓬莱松点缀', '高档长方形礼盒包装', '心心相印的爱 是上天给我们的恩赐', '免费附送精美贺卡，代写您的祝福。(您下单时可填写留言栏)', '本地区各市县、乡镇、街道（市区内免费配送）', '由于鲜花包扎各地的花艺师不同，可能在花束的形式和搭配上与图片不完全一致，但我们保证鲜花的主花材品种、新鲜程度、数量、颜色与说明一致，谢谢。', NULL, NULL, NULL);
INSERT INTO `TBL_FLOWER` VALUES (61, '暖意满满', '0000000', 'http://img.ihuashi.cn/data/upload/shop/store/goods/1/2018/03/29/1_05756538991895275_360.jpg', 504, 0.67, 112, '00', '6支向日葵，2支白色洋桔梗，3支绿色雏菊，尤加利叶点缀、银叶菊搭配，栀子叶间插', '黄色雾面纸加蓝绿色雾面纸扇形包装，条纹缎带束扎', '我喜欢有温暖的阳光，有醉人的花香，还有你的陪伴', '免费附送精美贺卡，代写您的祝福。(您下单时可填写留言栏)', '本地区各市县、乡镇、街道（市区内免费配送）', '由于鲜花包扎各地的花艺师不同，可能在花束的形式和搭配上与图片不完全一致，但我们保证鲜花的主花材品种、新鲜程度、数量、颜色与说明一致，谢谢。', NULL, NULL, NULL);
INSERT INTO `TBL_FLOWER` VALUES (62, '爱长久', '0000000', 'http://img.ihuashi.cn/data/upload/shop/store/goods/1/2018/05/14/1_05796244388753880_360.jpg', 673, 0.66, 221, '00', '11朵戴安娜粉玫瑰，粉色及白色相思梅丰满搭配，栀子叶间插', '粉牛皮纸扇形包装，米色牛皮纸束腰，粉色缎带束扎', '千百朵玫瑰在时间中褶皱，褪色。千百句温柔的蜜语在时间中淡忘，消逝，只有我对你的爱在时间中不变，永驻。', '免费附送精美贺卡，代写您的祝福。(您下单时可填写留言栏)', '本地区各市县、乡镇、街道（市区内免费配送）', '由于鲜花包扎各地的花艺师不同，可能在花束的形式和搭配上与图片不完全一致，但我们保证鲜花的主花材品种、新鲜程度、数量、颜色与说明一致，谢谢。', NULL, NULL, NULL);
INSERT INTO `TBL_FLOWER` VALUES (63, '等待爱情', '0000000', 'http://img.ihuashi.cn/data/upload/shop/store/goods/1/2016/04/21/1_05145537137100476_360.jpg', 1159, 0.77, 42, '00', '33朵精品红玫瑰，外围橘子叶，两只可爱小熊', '复古英文报纸+鸟巢纸包装红色蝴蝶结丝带扎束', '片片尘埃铺展在撕碎的欢乐上，你长袖轻舞，就能扫去尘埃，重聚往日 的欢乐，思念，若说这是梦，我愿是不醒的梦，因梦中有你，梦里有情。', '免费附送精美贺卡，代写您的祝福。(您下单时可填写留言栏)', '本地区各市县、乡镇、街道（市区内免费配送）', '由于鲜花包扎各地的花艺师不同，可能在花束的形式和搭配上与图片不完全一致，但我们保证鲜花的主花材品种、新鲜程度、数量、颜色与说明一致，谢谢。', NULL, NULL, NULL);
INSERT INTO `TBL_FLOWER` VALUES (64, '邂逅浪漫爱情', '0000000', 'http://img.ihuashi.cn/data/upload/shop/store/goods/1/2016/09/05/1_05264024205745195_360.jpg', 1159, 0.77, 22, '00', '33枝昆明空运顶级红玫瑰，美丽水晶花点缀', '高档紫色纸包装，精美丝带蝴蝶结', '因为有你，生命便全然不同，不用誓言，不必承诺，我们只需依了爱缘，以目光为媒，印证三生石上的约定，便牵了手，不必紧握，却永不放松，以自己设计的爱的程式，去演绎一种精典的永恒。', '免费附送精美贺卡，代写您的祝福。(您下单时可填写留言栏)', '本地区各市县、乡镇、街道（市区内免费配送）', '由于鲜花包扎各地的花艺师不同，可能在花束的形式和搭配上与图片不完全一致，但我们保证鲜花的主花材品种、新鲜程度、数量、颜色与说明一致，谢谢。', NULL, NULL, NULL);
INSERT INTO `TBL_FLOWER` VALUES (65, '幸福之花', '0000000', 'http://img.ihuashi.cn/data/upload/shop/store/goods/1/2017/09/29/1_05600137647738801_360.jpg', 1050, 0.7, 44, '00', '9朵香槟玫瑰+4枝百合搭配，勿忘我、栀子叶、黄莺点缀', '复古英文报纸图形包装，绿色缎带束扎', ' 盼你伸出双手，接受我的鲜花。在你未来的日子里，让幸福之花开得芬芳灿烂！', '免费附送精美贺卡，代写您的祝福。(您下单时可填写留言栏)', '本地区各市县、乡镇、街道（市区内免费配送）', '由于鲜花包扎各地的花艺师不同，可能在花束的形式和搭配上与图片不完全一致，但我们保证鲜花的主花材品种、新鲜程度、数量、颜色与说明一致，谢谢。', NULL, NULL, NULL);
INSERT INTO `TBL_FLOWER` VALUES (66, '恒久真爱', '0000000', 'http://img.ihuashi.cn/data/upload/shop/store/goods/1/2018/10/25/1_05938014041196165_360.jpg', 975, 0.6, 22, '00', '6朵香槟玫瑰6朵戴安娜7朵苏醒玫瑰，7朵白桔梗5朵粉桔梗3朵绿桔梗，黄莺间插', '内衬白色棉纸，外层绿色欧雅纸层次扇形包装，条纹缎带束扎', '“全世界我最想去的地方就是你的心里”', '免费附送精美贺卡，代写您的祝福。(您下单时可填写留言栏)', '本地区各市县、乡镇、街道（市区内免费配送）', '由于鲜花包扎各地的花艺师不同，可能在花束的形式和搭配上与图片不完全一致，但我们保证鲜花的主花材品种、新鲜程度、数量、颜色与说明一致，谢谢。', NULL, NULL, NULL);
INSERT INTO `TBL_FLOWER` VALUES (67, '佳期如梦', '0000000', 'http://img.ihuashi.cn/data/upload/shop/store/goods/1/2016/06/03/1_05182789167518792_360.jpg', 289, 0.7, 45, '00', '33枝精选香槟玫瑰，外围满天星点缀，黄莺间插。', '内用白色梦幻纸，复古英文报纸单面外包。白色梦幻纸再系外围，握处系香槟色混搭蝴蝶结丝带', '满天星光，最爱你许过愿望的一颗；鲜花绽放，最爱你摘下微笑的一朵；曼妙旋律，最爱你感动落泪的一段，爱你。', '免费附送精美贺卡，代写您的祝福。(您下单时可填写留言栏)', '本地区各市县、乡镇、街道（市区内免费配送）', '由于鲜花包扎各地的花艺师不同，可能在花束的形式和搭配上与图片不完全一致，但我们保证鲜花的主花材品种、新鲜程度、数量、颜色与说明一致，谢谢。', NULL, NULL, NULL);
INSERT INTO `TBL_FLOWER` VALUES (68, '温馨祝福', '0000000', 'http://img.ihuashi.cn/data/upload/shop/store/goods/1/2016/07/09/1_05213895176882440_360.jpg', 239, 0.5, 33, '00', '11朵红色康乃馨，2枝多头粉百合，黄莺和绿叶丰满间插', '内衬淡黄色素纸，外层酒红色牛皮纸圆形包装，咖啡色和白色缎带束扎', '白百合纯白的颜色，柔美的花冠，让人联想美丽纯洁的少女，白百合的花语是纯洁，庄严，百年好合，持久的爱。', '免费附送精美贺卡，代写您的祝福。(您下单时可填写留言栏)', '本地区各市县、乡镇、街道（市区内免费配送）', '由于鲜花包扎各地的花艺师不同，可能在花束的形式和搭配上与图片不完全一致，但我们保证鲜花的主花材品种、新鲜程度、数量、颜色与说明一致，谢谢。', NULL, NULL, NULL);
INSERT INTO `TBL_FLOWER` VALUES (69, '健康永恒', '0000000', 'http://img.ihuashi.cn/data/upload/shop/store/goods/1/2016/05/27/1_05176739260354798_360.jpg', 219, 0.8, 21, '00', '11枝粉色康乃馨，2枝多头粉百合，搭配黄莺点缀。', '精致紫色手工纸包装，紫色蝴蝶结扎。', '为您奏一曲春天的华尔兹，盼您永远快乐；献给您一束康乃馨，愿您身体健康，您的幸福是我一生的追求，妈妈您辛苦了！', '免费附送精美贺卡，代写您的祝福。(您下单时可填写留言栏)', '本地区各市县、乡镇、街道（市区内免费配送）', '由于鲜花包扎各地的花艺师不同，可能在花束的形式和搭配上与图片不完全一致，但我们保证鲜花的主花材品种、新鲜程度、数量、颜色与说明一致，谢谢。', NULL, NULL, NULL);
INSERT INTO `TBL_FLOWER` VALUES (70, '初恋的感觉', '0000000', 'http://img.ihuashi.cn/data/upload/shop/store/goods/1/2016/05/11/1_05162987418204891_360.jpg', 182, 0.99, 13, '00', '11朵极品戴安娜玫瑰，黄莺丰满间插。', '白色麻片精美包装，粉色、紫色缎带蝴蝶结束扎，长方形礼盒装。', '有些爱，在不经意中，刻骨；有些人，在不经意时，相遇；有些事，在不经意间，开始；有句话，三个字，在不经意里，想要脱口而出！我的爱，你懂得！', '免费附送精美贺卡，代写您的祝福。(您下单时可填写留言栏)', '本地区各市县、乡镇、街道（市区内免费配送）', '由于鲜花包扎各地的花艺师不同，可能在花束的形式和搭配上与图片不完全一致，但我们保证鲜花的主花材品种、新鲜程度、数量、颜色与说明一致，谢谢。', NULL, NULL, NULL);
INSERT INTO `TBL_FLOWER` VALUES (71, '非你不可', '0000000', 'http://img.ihuashi.cn/data/upload/shop/store/goods/1/2016/06/12/1_05190454649864813_360.jpg', 308, 0.78, 32, '00', '33朵极品红玫瑰', '精美包装纸包装，银色蝴蝶结束扎，精装长方形礼盒装。', '花儿忍不住清香，鸟儿忍不住飞翔，我忍不住对你的思念。微风忍不住吹拂，火焰忍不住燃烧，我忍不住思念你', '免费附送精美贺卡，代写您的祝福。(您下单时可填写留言栏)', '本地区各市县、乡镇、街道（市区内免费配送）', '由于鲜花包扎各地的花艺师不同，可能在花束的形式和搭配上与图片不完全一致，但我们保证鲜花的主花材品种、新鲜程度、数量、颜色与说明一致，谢谢。', NULL, NULL, NULL);
INSERT INTO `TBL_FLOWER` VALUES (72, '花香清逸', '0000000', 'http://img.ihuashi.cn/data/upload/shop/store/goods/1/2018/10/19/1_05932790215696681_360.jpg', 259, 0.6, 66, '00', '11朵戴安娜玫瑰，1朵蓝绣球，适量绿色小菊，1枝绿桔梗，3片巴西叶，尤加利叶点缀', '粉色粗麻布和粉色牛皮纸扇形包装，浅蓝色缎带束扎', '时间在流逝，美好的回忆尤在；青春在变老，朴实的情感尤在；愿你的生活芬芳，花香清逸！', '免费附送精美贺卡，代写您的祝福。(您下单时可填写留言栏)', '本地区各市县、乡镇、街道（市区内免费配送）', '由于鲜花包扎各地的花艺师不同，可能在花束的形式和搭配上与图片不完全一致，但我们保证鲜花的主花材品种、新鲜程度、数量、颜色与说明一致，谢谢。', NULL, NULL, NULL);
INSERT INTO `TBL_FLOWER` VALUES (73, '紫霞仙子', '0000000', 'http://img.ihuashi.cn/data/upload/shop/store/goods/1/2017/05/25/1_05490414705065096_360.jpg', 159, 0.7, 67, '00', '11枝精品红玫瑰，黄莺间插。', '紫色棉纸外围圆形包装，同色丝带花结。', '情意绵绵心相牵，日月轮转永不断，情若真挚长相伴，无论海角或天边，祝福今日会出现，愿你生日快乐美梦圆，甜蜜温馨驻身边！', '免费附送精美贺卡，代写您的祝福。(您下单时可填写留言栏)', '本地区各市县、乡镇、街道（市区内免费配送）', '由于鲜花包扎各地的花艺师不同，可能在花束的形式和搭配上与图片不完全一致，但我们保证鲜花的主花材品种、新鲜程度、数量、颜色与说明一致，谢谢。', NULL, NULL, NULL);
INSERT INTO `TBL_FLOWER` VALUES (74, '绚丽多彩', '0000000', 'http://img.ihuashi.cn/data/upload/shop/store/goods/1/2017/10/27/1_05624430121537047_360.jpg', 585, 0.66, 222, '00', '5朵戴安娜粉玫瑰，1枝向日葵，3枝粉康，3枝白桔梗，搭配白色雏菊，白色石竹梅，栀子叶', '牛皮纸扇形包装，绿色缎带束扎', '愿你的生活五彩缤纷、绚丽多彩！', '免费附送精美贺卡，代写您的祝福。(您下单时可填写留言栏)', '本地区各市县、乡镇、街道（市区内免费配送）', '由于鲜花包扎各地的花艺师不同，可能在花束的形式和搭配上与图片不完全一致，但我们保证鲜花的主花材品种、新鲜程度、数量、颜色与说明一致，谢谢。', NULL, NULL, NULL);
INSERT INTO `TBL_FLOWER` VALUES (75, '祈祷幸福', '0000000', 'http://img.ihuashi.cn/data/upload/shop/store/goods/1/2018/08/31/1_05890298732539937_360.jpg', 510, 0.65, 132, '00', '19朵粉色康乃馨，2枝多头白百合 ，满天星、黄莺丰满间插', '紫色牛皮纸折角包装，紫色缎带束扎', ' 人的一生，平安就好。钱多钱少，够吃就好。人老人少，健康就好。家穷家富，和气就好。房屋大小，能住就好。一切烦恼，能解就好。愿你一切都好！', '免费附送精美贺卡，代写您的祝福。(您下单时可填写留言栏)', '本地区各市县、乡镇、街道（市区内免费配送）', '由于鲜花包扎各地的花艺师不同，可能在花束的形式和搭配上与图片不完全一致，但我们保证鲜花的主花材品种、新鲜程度、数量、颜色与说明一致，谢谢。', NULL, NULL, NULL);
INSERT INTO `TBL_FLOWER` VALUES (76, '健康美丽', '0000000', 'http://img.ihuashi.cn/data/upload/shop/store/goods/1/2019/02/21/1_06040880497489888_360.jpg', 522, 0.6, 311, '00', '19朵红色康乃馨，2枝多头白百合，黄莺间插，白色满天星点缀', '酒红色欧雅纸扇形包装，酒红色缎带束扎', ' 健康长寿，美好祝福', '免费附送精美贺卡，代写您的祝福。(您下单时可填写留言栏)', '本地区各市县、乡镇、街道（市区内免费配送）', '由于鲜花包扎各地的花艺师不同，可能在花束的形式和搭配上与图片不完全一致，但我们保证鲜花的主花材品种、新鲜程度、数量、颜色与说明一致，谢谢。', NULL, NULL, NULL);
INSERT INTO `TBL_FLOWER` VALUES (77, '想给你幸福', '0000000', 'http://img.ihuashi.cn/data/upload/shop/store/goods/1/2018/10/19/1_05932755681849598_360.jpg', 268, 0.66, 144, '00', '9朵红玫瑰，红色石竹梅丰满，白色石竹梅点缀，栀子叶间插', '白色细麻片及紫色牛皮纸扇形包装，花色缎带束扎', '画一颗心，安放柔情蜜意；放一束花，寄托美好相思；品一块糖，尝出幸福滋味；传一份情，爱你在时时刻刻，想你在朝朝暮暮！', '免费附送精美贺卡，代写您的祝福。(您下单时可填写留言栏)', '本地区各市县、乡镇、街道（市区内免费配送）', '由于鲜花包扎各地的花艺师不同，可能在花束的形式和搭配上与图片不完全一致，但我们保证鲜花的主花材品种、新鲜程度、数量、颜色与说明一致，谢谢。', NULL, NULL, NULL);
INSERT INTO `TBL_FLOWER` VALUES (78, '花开不败', '0000000', 'http://img.ihuashi.cn/data/upload/shop/store/goods/1/2018/01/12/1_05690659188973253_360.jpg', 407, 0.73, 122, '00', '12朵红玫瑰，3支多头粉百合，搭配适量栀子叶间插，2只可爱小熊。', '黄色牛皮纸+红色硬纸扇形包装，精美香槟色+红色缎带蝴蝶结束扎。', '炊烟起了，我在门口等你。夕阳下了，我在山边等你。 叶子黄了，我在树下等你。月儿弯了，我在十五等你。细雨来了，我在伞下等你。流水冻了，我在河畔等你。', '免费附送精美贺卡，代写您的祝福。(您下单时可填写留言栏)', '本地区各市县、乡镇、街道（市区内免费配送）', '由于鲜花包扎各地的花艺师不同，可能在花束的形式和搭配上与图片不完全一致，但我们保证鲜花的主花材品种、新鲜程度、数量、颜色与说明一致，谢谢。', NULL, NULL, NULL);
INSERT INTO `TBL_FLOWER` VALUES (79, '甜蜜的爱情', '0000000', 'http://img.ihuashi.cn/data/upload/shop/store/goods/1/2017/06/08/1_05502562144401950_360.jpg', 307, 0.71, 144, '00', '戴安娜玫瑰6枝，白玫瑰6枝，搭配适当绿叶。', '灰色牛皮纸+粉色平面纸圆形包装，米白色缎带花结。', '想要一个专属于你我的地方，有鲜嫩的花朵和绿叶，有明媚的阳光，有心心念念的你，有甜蜜的爱情！', '免费附送精美贺卡，代写您的祝福。(您下单时可填写留言栏)', '本地区各市县、乡镇、街道（市区内免费配送）', '由于鲜花包扎各地的花艺师不同，可能在花束的形式和搭配上与图片不完全一致，但我们保证鲜花的主花材品种、新鲜程度、数量、颜色与说明一致，谢谢。', NULL, NULL, NULL);
INSERT INTO `TBL_FLOWER` VALUES (80, '爱很简单', '0000000', 'http://img.ihuashi.cn/data/upload/shop/store/goods/1/2018/03/14/1_05743534312429510_360.jpg', 406, 0.68, 114, '00', '13朵红玫瑰，1朵蓝绣球，4枝白桔梗，3枝绿菊，粉色石竹梅搭配，尤加利点缀', '黑色珠光纸扇形包装，复古英文报纸内衬及束腰，条纹缎带束扎', '爱很简单，想到你嘴角扬起的微笑，就很幸福！', '免费附送精美贺卡，代写您的祝福。(您下单时可填写留言栏)', '本地区各市县、乡镇、街道（市区内免费配送）', '由于鲜花包扎各地的花艺师不同，可能在花束的形式和搭配上与图片不完全一致，但我们保证鲜花的主花材品种、新鲜程度、数量、颜色与说明一致，谢谢。', NULL, NULL, NULL);
INSERT INTO `TBL_FLOWER` VALUES (81, '缘定三生', '0000000', 'http://img.ihuashi.cn/data/upload/shop/store/goods/1/2016/05/27/1_05176736770391085_360.jpg', 322, 0.7, 223, '00', '精选13朵极品白玫瑰，搭配勿忘我，小雏菊，桔梗。', '紫色包装纸精美包装，白色雪点纱外围，蝴蝶结束扎。', '愿你永远拥有我，愿我永远拥有你，我们一起，走向崭新的生活', '免费附送精美贺卡，代写您的祝福。(您下单时可填写留言栏)', '本地区各市县、乡镇、街道（市区内免费配送）', '由于鲜花包扎各地的花艺师不同，可能在花束的形式和搭配上与图片不完全一致，但我们保证鲜花的主花材品种、新鲜程度、数量、颜色与说明一致，谢谢。', NULL, NULL, NULL);
INSERT INTO `TBL_FLOWER` VALUES (82, '无尽的爱', '0000000', 'http://img.ihuashi.cn/data/upload/shop/store/goods/1/2016/06/12/1_05190385141923492_360.jpg', 316, 0.72, 155, '00', '5枝顶级香水百合，搭配绿叶点缀。', '网格皱纹纸内衬，橘色皱纹纸扇面包装。粉色蝴蝶结装饰', '给爱一张不老的容颜，让相爱过都终身不变；给爱一个不悔的誓言，让相爱过都彼此思念；给爱一片辽阔的蓝天，让那真爱充满人间。', '免费附送精美贺卡，代写您的祝福。(您下单时可填写留言栏)', '本地区各市县、乡镇、街道（市区内免费配送）', '由于鲜花包扎各地的花艺师不同，可能在花束的形式和搭配上与图片不完全一致，但我们保证鲜花的主花材品种、新鲜程度、数量、颜色与说明一致，谢谢。', NULL, NULL, NULL);
INSERT INTO `TBL_FLOWER` VALUES (83, '纯真爱恋', '0000000', 'http://img.ihuashi.cn/data/upload/shop/store/goods/1/2016/05/25/1_05175132518261141_360.jpg', 382, 0.73, 45, '00', '16枝白玫瑰，外围一圈紫色勿忘我', '内层白色平面纸、外面紫色皱纹纸双层围绕，紫色花结', ' 人生中，相遇最美。当一颗心与另一颗心，相遇相吸，便是最珍贵的一份情缘。而后，便有了思念。美丽的心情，秋叶飞扬的季节，好想告诉你：你，是我生命中最美丽的相遇！', '免费附送精美贺卡，代写您的祝福。(您下单时可填写留言栏)', '本地区各市县、乡镇、街道（市区内免费配送）', '由于鲜花包扎各地的花艺师不同，可能在花束的形式和搭配上与图片不完全一致，但我们保证鲜花的主花材品种、新鲜程度、数量、颜色与说明一致，谢谢。', NULL, NULL, NULL);
INSERT INTO `TBL_FLOWER` VALUES (84, '一心爱你', '0000000', 'http://img.ihuashi.cn/data/upload/shop/store/goods/1/2017/09/07/1_05580976340554649_360.jpg', 369, 0.67, 55, '00', '19朵红玫瑰，1枝多头百合，满天星丰满点缀，黄莺间插', '内衬白色雾面纸，外层复古英文报纸叠角包装，红色缎带束扎', '想与你永结美好，手牵手去一个叫永远的地方，不离不弃，直到终老！', '免费附送精美贺卡，代写您的祝福。(您下单时可填写留言栏)', '本地区各市县、乡镇、街道（市区内免费配送）', '由于鲜花包扎各地的花艺师不同，可能在花束的形式和搭配上与图片不完全一致，但我们保证鲜花的主花材品种、新鲜程度、数量、颜色与说明一致，谢谢。', NULL, NULL, NULL);
INSERT INTO `TBL_FLOWER` VALUES (85, '偏偏喜欢你', '0000000', 'http://img.ihuashi.cn/data/upload/shop/store/goods/1/2017/09/06/1_05580255733044149_360.jpg', 349, 0.77, 66, '00', '19朵混搭玫瑰，勿忘我点缀，礼盒包装。（ 白玫瑰、安娜玫瑰、糖果玫瑰和香槟玫瑰混搭)', '卡其色手揉纸内衬扇形包装，点缀精美银色蝴蝶结，高档礼盒。（礼盒限送大中城市，包装盒颜色因每个配送店备货不同而有所改变，随机挑选，相似性为原则）', '恰如其分的时刻，心扉再难掩奇遇的冲击波', '免费附送精美贺卡，代写您的祝福。(您下单时可填写留言栏)', '本地区各市县、乡镇、街道（市区内免费配送）', '由于鲜花包扎各地的花艺师不同，可能在花束的形式和搭配上与图片不完全一致，但我们保证鲜花的主花材品种、新鲜程度、数量、颜色与说明一致，谢谢。', NULL, NULL, NULL);
INSERT INTO `TBL_FLOWER` VALUES (86, '血色浪漫', '0000000', 'http://img.ihuashi.cn/data/upload/shop/store/goods/1/2018/05/23/1_05804000945677258_360.jpg', 369, 0.73, 77, '00', '21朵红玫瑰，情人草和栀子叶丰满间插', '内衬玻璃纸，外层黑色雾面纸扇形包装，红色缎带束扎，礼盒装', '爱情路。弯弯路，弯得像一串珍珠，每一步都有简单的领悟。我只想，每个朝朝暮暮，都和你共度。', '免费附送精美贺卡，代写您的祝福。(您下单时可填写留言栏)', '本地区各市县、乡镇、街道（市区内免费配送）', '由于鲜花包扎各地的花艺师不同，可能在花束的形式和搭配上与图片不完全一致，但我们保证鲜花的主花材品种、新鲜程度、数量、颜色与说明一致，谢谢。', NULL, NULL, NULL);
INSERT INTO `TBL_FLOWER` VALUES (87, '真爱永恒', '0000000', 'http://img.ihuashi.cn/data/upload/shop/store/goods/1/2019/03/07/1_06052835930371005_360.jpg', 398, 0.67, 77, '00', '红玫瑰21枝，黄莺丰满间插，白色相思梅丰满点缀，栀子叶搭配', '白色雾面纸多层圆形包装，白色金边w纱网外层包裹，白色英文缎带束扎', ' 想你，是一种美丽的忧伤的甜蜜的惆怅，心里面，却是一种任何语言也无法表达的温馨。', '免费附送精美贺卡，代写您的祝福。(您下单时可填写留言栏)', '本地区各市县、乡镇、街道（市区内免费配送）', '由于鲜花包扎各地的花艺师不同，可能在花束的形式和搭配上与图片不完全一致，但我们保证鲜花的主花材品种、新鲜程度、数量、颜色与说明一致，谢谢。', NULL, NULL, NULL);
INSERT INTO `TBL_FLOWER` VALUES (88, '芳菲之恋', '0000000', 'http://img.ihuashi.cn/data/upload/shop/store/goods/1/2016/05/27/1_05176557370193748_360.jpg', 346, 0.89, 33, '00', '19支顶级戴安娜玫瑰，10支白玫瑰，1个小熊，搭配满天星、绿叶外围点缀。', '精美心型礼盒（图片仅为参考）。', ' 人间四月芳菲尽，山寺桃花始盛开。不论外界如何，我始终有一片小小心意在这里一直为你敞开。', '免费附送精美贺卡，代写您的祝福。(您下单时可填写留言栏)', '本地区各市县、乡镇、街道（市区内免费配送）', '由于鲜花包扎各地的花艺师不同，可能在花束的形式和搭配上与图片不完全一致，但我们保证鲜花的主花材品种、新鲜程度、数量、颜色与说明一致，谢谢。', NULL, NULL, NULL);
INSERT INTO `TBL_FLOWER` VALUES (89, '深情的爱', '0000000', 'http://img.ihuashi.cn/data/upload/shop/store/goods/1/2016/07/15/1_05219240548431586_360.jpg', 492, 0.66, 76, '00', '36朵玫瑰拼成IOU（红玫瑰拼中间的心，苏醒玫瑰拼成I和u），绿叶点缀。', '精美长方形礼盒装。', '浪漫爱情开始了便不再结束,只因有你伴我左右!', '免费附送精美贺卡，代写您的祝福。(您下单时可填写留言栏)', '本地区各市县、乡镇、街道（市区内免费配送）', '由于鲜花包扎各地的花艺师不同，可能在花束的形式和搭配上与图片不完全一致，但我们保证鲜花的主花材品种、新鲜程度、数量、颜色与说明一致，谢谢。', NULL, NULL, NULL);
INSERT INTO `TBL_FLOWER` VALUES (90, '我的女王', '0000000', 'http://img.ihuashi.cn/data/upload/shop/store/goods/1/2019/03/05/1_06051161033977554.jpg', 774, 0.7, 144, '00', '66朵混色（红、白）玫瑰，用白玫瑰拼字“女王”，其余用红玫瑰围边', '长方形礼盒装（颜色随机）', '我亲爱的女王殿下，节日快乐！', '免费附送精美贺卡，代写您的祝福。(您下单时可填写留言栏)', '本地区各市县、乡镇、街道（市区内免费配送）', '由于鲜花包扎各地的花艺师不同，可能在花束的形式和搭配上与图片不完全一致，但我们保证鲜花的主花材品种、新鲜程度、数量、颜色与说明一致，谢谢。', NULL, NULL, NULL);
INSERT INTO `TBL_FLOWER` VALUES (91, '爱如氧气', '0000000', 'http://img.ihuashi.cn/data/upload/shop/store/goods/1/2016/10/21/1_05303844880830054_360.jpg', 1033, 0.6, 15, '00', '精心挑选66枝顶级蓝色妖姬，黄莺，满天星外围点缀，随机赠送小熊公仔', '蓝色不规则纸，白色蝴蝶结包扎', '有你同行，人生的道路便如同鲜花铺成。', '免费附送精美贺卡，代写您的祝福。(您下单时可填写留言栏)', '本地区各市县、乡镇、街道（市区内免费配送）', '由于鲜花包扎各地的花艺师不同，可能在花束的形式和搭配上与图片不完全一致，但我们保证鲜花的主花材品种、新鲜程度、数量、颜色与说明一致，谢谢。', NULL, NULL, NULL);
INSERT INTO `TBL_FLOWER` VALUES (92, '只为遇见你', '0000000', 'http://img.ihuashi.cn/data/upload/shop/store/goods/1/2016/09/06/1_05264872199673537_360.jpg', 989, 0.66, 77, '00', '73朵顶级红玫瑰，26朵顶级白玫瑰，一对小熊，搭配绿叶点缀。', '里层白色纱布棉纸独立包装，粉色皱纹纸圆形包装，红色印花丝带束扎。', ' 一份陪伴，让心房感动充盈；一种懂得，不刻意不解释，却是默契间最暖的感应。', '免费附送精美贺卡，代写您的祝福。(您下单时可填写留言栏)', '本地区各市县、乡镇、街道（市区内免费配送）', '由于鲜花包扎各地的花艺师不同，可能在花束的形式和搭配上与图片不完全一致，但我们保证鲜花的主花材品种、新鲜程度、数量、颜色与说明一致，谢谢。', NULL, NULL, NULL);
INSERT INTO `TBL_FLOWER` VALUES (93, '爱情宣言', '0000000', 'http://img.ihuashi.cn/data/upload/shop/store/goods/1/2019/03/07/1_06053034387787394_360.jpg', 1115, 0.6, 33, '00', '精选99朵顶级红玫瑰，外围相思梅点缀。', '透明英文塑料纸，外蓝色古典纸，搭配红色丝带。', '不管我在不在你身边，但是我的爱会把你包围，仰望天空，我就是那颗最亮的星星。', '免费附送精美贺卡，代写您的祝福。(您下单时可填写留言栏)', '本地区各市县、乡镇、街道（市区内免费配送）', '由于鲜花包扎各地的花艺师不同，可能在花束的形式和搭配上与图片不完全一致，但我们保证鲜花的主花材品种、新鲜程度、数量、颜色与说明一致，谢谢。', NULL, NULL, NULL);
INSERT INTO `TBL_FLOWER` VALUES (94, '天作之合', '0000000', 'http://img.ihuashi.cn/data/upload/shop/store/goods/1/2018/05/31/1_05811031656905710_360.jpg', 8999, 0.44, 55, '00', '520朵玫瑰，用红玫瑰围成心形，其余用白玫瑰填充。黄莺丰满围边', '紫色平面纸多层圆形包装，粉纱束腰包裹。粉色缎带束扎', ' 郎有才，女有貌，郎才女貌，乃天作之合', '免费附送精美贺卡，代写您的祝福。(您下单时可填写留言栏)', '本地区各市县、乡镇、街道（市区内免费配送）', '由于鲜花包扎各地的花艺师不同，可能在花束的形式和搭配上与图片不完全一致，但我们保证鲜花的主花材品种、新鲜程度、数量、颜色与说明一致，谢谢。', NULL, NULL, NULL);
INSERT INTO `TBL_FLOWER` VALUES (95, '邂逅缘分', '0000000', 'http://img.ihuashi.cn/data/upload/shop/store/goods/1/2016/05/13/1_05164539706775824_360.jpg', 2257, 0.77, 66, '00', '156朵极品蓝色妖姬、红玫瑰、白玫瑰、香槟玫瑰、粉玫瑰合成，四周满天星点缀。', '红色包装纸精美包装，外纱网包裹，蝴蝶结束扎。', '爱情小屋，用邂逅来选址，用缘分来建筑，用真情来装修，用忠诚来守护，用思念来温暖，用宽容来挡雨，让我们牵手入住，相伴幸福。', '免费附送精美贺卡，代写您的祝福。(您下单时可填写留言栏)', '本地区各市县、乡镇、街道（市区内免费配送）', '由于鲜花包扎各地的花艺师不同，可能在花束的形式和搭配上与图片不完全一致，但我们保证鲜花的主花材品种、新鲜程度、数量、颜色与说明一致，谢谢。', NULL, NULL, NULL);
INSERT INTO `TBL_FLOWER` VALUES (96, '深情凝望', '0000000', 'http://img.ihuashi.cn/data/upload/shop/store/goods/1/2019/03/06/1_06052219963768184_360.jpg', 357, 0.58, 242, '00', '红玫瑰11朵，栀子叶丰满间插，尤加利点缀，粉色石竹梅搭配', '黑色牛皮纸扇形包装，红色和黑色英文缎带束扎，礼盒装', '你看着我的眼神，闪着爱的光，情深若许，来自你的爱，我已接收！', '免费附送精美贺卡，代写您的祝福。(您下单时可填写留言栏)', '本地区各市县、乡镇、街道（市区内免费配送）', '由于鲜花包扎各地的花艺师不同，可能在花束的形式和搭配上与图片不完全一致，但我们保证鲜花的主花材品种、新鲜程度、数量、颜色与说明一致，谢谢。', NULL, NULL, NULL);
INSERT INTO `TBL_FLOWER` VALUES (97, '想你每一天', '0000000', 'http://img.ihuashi.cn/data/upload/shop/store/goods/1/2017/03/29/1_05441134611589792_360.jpg', 379, 0.68, 233, '00', '11朵红玫瑰 3颗巧克力 1只小熊 外围绿叶 满天星', '心型礼盒精美包装', '想你，因为想你，我会更加珍惜拥有你的时光', '免费附送精美贺卡，代写您的祝福。(您下单时可填写留言栏)', '本地区各市县、乡镇、街道（市区内免费配送）', '由于鲜花包扎各地的花艺师不同，可能在花束的形式和搭配上与图片不完全一致，但我们保证鲜花的主花材品种、新鲜程度、数量、颜色与说明一致，谢谢。', NULL, NULL, NULL);
INSERT INTO `TBL_FLOWER` VALUES (98, '深深爱你', '0000000', 'http://img.ihuashi.cn/data/upload/shop/store/goods/1/2017/03/30/1_05441994618745761_360.jpg', 445, 0.73, 212, '00', '9枝红玫瑰+9颗巧克力，1只小熊，外围黄莺', '精美心型礼盒', '记得你每一个微笑，记得你每一滴眼泪，手牵手，微笑着肩并肩往前走，你遇见我，我遇见你，然而，遇见你，是此生最美的风景！', '免费附送精美贺卡，代写您的祝福。(您下单时可填写留言栏)', '本地区各市县、乡镇、街道（市区内免费配送）', '由于鲜花包扎各地的花艺师不同，可能在花束的形式和搭配上与图片不完全一致，但我们保证鲜花的主花材品种、新鲜程度、数量、颜色与说明一致，谢谢。', NULL, NULL, NULL);
INSERT INTO `TBL_FLOWER` VALUES (99, '招财进宝', '0000000', 'http://img.ihuashi.cn/data/upload/shop/store/goods/1/2016/07/21/1_05224152950325500_360.jpg', 671, 0.87, 55, '00', '双辫大发财树（1.6-1.8m）（图片供参考，以实际商品为准）', '配精美花器（不保证跟图片一模一样）', '吉祥如意，贵人相伴，好运常在，前程似锦', '免费附送精美贺卡，代写您的祝福。(您下单时可填写留言栏)', '本地区各市县、乡镇、街道（市区内免费配送）', '由于鲜花包扎各地的花艺师不同，可能在花束的形式和搭配上与图片不完全一致，但我们保证鲜花的主花材品种、新鲜程度、数量、颜色与说明一致，谢谢。', NULL, NULL, NULL);
INSERT INTO `TBL_FLOWER` VALUES (100, '青青绿萝', '0000000', 'http://img.ihuashi.cn/data/upload/shop/store/goods/1/2017/09/19/1_05591588464870379_360.jpg', 218, 0.72, 44, '00', '大绿萝，环保，净化空气。', '如有需要请与客服沟通', '大绿萝，环保，净化空气。', '免费附送精美贺卡，代写您的祝福。(您下单时可填写留言栏)', '本地区各市县、乡镇、街道（市区内免费配送）', '由于鲜花包扎各地的花艺师不同，可能在花束的形式和搭配上与图片不完全一致，但我们保证鲜花的主花材品种、新鲜程度、数量、颜色与说明一致，谢谢。', NULL, NULL, NULL);
INSERT INTO `TBL_FLOWER` VALUES (101, '这就是爱', '0000000', 'http://img.ihuashi.cn/data/upload/shop/store/goods/1/2017/03/29/1_05441155636953560_360.jpg', 428, 0.76, 111, '00', '9支昆明红玫瑰，9颗巧克力，2只小熊，满天星，黄莺点缀。', '高档心型礼盒包装。', '闭上眼睛，相遇时的情景仿佛就在眼前，感谢上天让我遇见了仙女，我很幸福，因为有你。', '免费附送精美贺卡，代写您的祝福。(您下单时可填写留言栏)', '本地区各市县、乡镇、街道（市区内免费配送）', '由于鲜花包扎各地的花艺师不同，可能在花束的形式和搭配上与图片不完全一致，但我们保证鲜花的主花材品种、新鲜程度、数量、颜色与说明一致，谢谢。', NULL, NULL, NULL);
INSERT INTO `TBL_FLOWER` VALUES (102, '春暖花开', '0000000', 'http://img.ihuashi.cn/data/upload/shop/store/goods/1/2016/07/14/1_05218329468169628_360.jpg', 499, 0.73, 122, '00', '9朵戴安娜玫瑰，桔梗，康乃馨，黄杨叶。', '精美花瓶。', '幸福是怀有一颗感恩的心；拥有一个健康的身体；有一帮值得信赖的朋友；有一个和睦的家庭和一个充满希望的明天。', '免费附送精美贺卡，代写您的祝福。(您下单时可填写留言栏)', '本地区各市县、乡镇、街道（市区内免费配送）', '由于鲜花包扎各地的花艺师不同，可能在花束的形式和搭配上与图片不完全一致，但我们保证鲜花的主花材品种、新鲜程度、数量、颜色与说明一致，谢谢。', NULL, NULL, NULL);
INSERT INTO `TBL_FLOWER` VALUES (103, '温暖关切', '0000000', 'http://img.ihuashi.cn/data/upload/shop/store/goods/1/2016/05/27/1_05176746256662657_360.jpg', 289, 0.75, 65, '00', '11朵顶级白玫瑰，搭配适量桔梗和绿叶点缀', '精美方形玻璃花瓶', '最美是过程，最难是相知，最渴望是结果，最苦是等待，最幸福是真爱，最怕是无情，最悔是错过，最开心是有你这位朋友！', '免费附送精美贺卡，代写您的祝福。(您下单时可填写留言栏)', '本地区各市县、乡镇、街道（市区内免费配送）', '由于鲜花包扎各地的花艺师不同，可能在花束的形式和搭配上与图片不完全一致，但我们保证鲜花的主花材品种、新鲜程度、数量、颜色与说明一致，谢谢。', NULL, NULL, NULL);
INSERT INTO `TBL_FLOWER` VALUES (104, '追忆', '0000000', 'http://img.ihuashi.cn/data/upload/shop/store/goods/1/2017/03/23/1_05435945161562386_360.jpg', 358, 0.68, 322, '00', '小雏菊 12朵黄白菊花 3朵百合花', '黑色精美包装纸 白色缎带束扎', '祭祀花束', '免费附送精美贺卡，代写您的祝福。(您下单时可填写留言栏)', '本地区各市县、乡镇、街道（市区内免费配送）', '由于鲜花包扎各地的花艺师不同，可能在花束的形式和搭配上与图片不完全一致，但我们保证鲜花的主花材品种、新鲜程度、数量、颜色与说明一致，谢谢。', NULL, NULL, NULL);
INSERT INTO `TBL_FLOWER` VALUES (105, '扶今追惜', '0000000', 'http://img.ihuashi.cn/data/upload/shop/store/goods/1/2018/03/15/1_05744482329456451_360.jpg', 349, 0.73, 111, '00', '9朵白菊花，11朵黄菊花，1枝多头黄百合，散尾葵、绿叶搭配。', '内层白色硬包装纸，外层黄色包装纸扇形包装，米黄色蝴蝶结彩带。', '思念相惜无言，在心的空间，写下行行记忆，奠基我空洞的情。', '免费附送精美贺卡，代写您的祝福。(您下单时可填写留言栏)', '本地区各市县、乡镇、街道（市区内免费配送）', '由于鲜花包扎各地的花艺师不同，可能在花束的形式和搭配上与图片不完全一致，但我们保证鲜花的主花材品种、新鲜程度、数量、颜色与说明一致，谢谢。', NULL, NULL, NULL);
INSERT INTO `TBL_FLOWER` VALUES (106, '思念的心', '0000000', 'http://img.ihuashi.cn/data/upload/shop/store/goods/1/2017/03/27/1_05439406139452584_360.jpg', 388, 0.73, 51, '00', '3朵百合 8朵白菊 7朵粉色康乃馨 绿叶等', '咖啡金加白色包装纸包装 镂空纱纸护腰白色缎带束扎', '祭祀花束', '免费附送精美贺卡，代写您的祝福。(您下单时可填写留言栏)', '本地区各市县、乡镇、街道（市区内免费配送）', '由于鲜花包扎各地的花艺师不同，可能在花束的形式和搭配上与图片不完全一致，但我们保证鲜花的主花材品种、新鲜程度、数量、颜色与说明一致，谢谢。', NULL, NULL, NULL);
INSERT INTO `TBL_FLOWER` VALUES (107, '爱满满', '0000000', 'http://img.ihuashi.cn/data/upload/shop/store/goods/1/2016/06/12/1_05190457043356531_360.jpg', 369, 0.72, 155, '00', '19枝顶级紫玫瑰，尤加利叶点缀', '白色纱网蝴蝶结，精品礼盒包装', '我的心里只有你，只有你占踞我的心，只有你令我如此难以忘记', '免费附送精美贺卡，代写您的祝福。(您下单时可填写留言栏)', '本地区各市县、乡镇、街道（市区内免费配送）', '由于鲜花包扎各地的花艺师不同，可能在花束的形式和搭配上与图片不完全一致，但我们保证鲜花的主花材品种、新鲜程度、数量、颜色与说明一致，谢谢。', NULL, NULL, NULL);
INSERT INTO `TBL_FLOWER` VALUES (108, '青春期', '0000000', 'http://img.ihuashi.cn/data/upload/shop/store/goods/1/2018/05/24/1_05804769372680245_360.jpg', 475, 0.67, 90, '00', '33朵多香槟玫瑰，加拿大大黄莺和小配花外围（没有可用其它代替）', '白色手揉纸内衬，绿色卡纸叠角包装，金色蝴蝶结束扎', '你像春天的一缕阳光，照进了我的心里，我愿永远守护你。', '免费附送精美贺卡，代写您的祝福。(您下单时可填写留言栏)', '本地区各市县、乡镇、街道（市区内免费配送）', '由于鲜花包扎各地的花艺师不同，可能在花束的形式和搭配上与图片不完全一致，但我们保证鲜花的主花材品种、新鲜程度、数量、颜色与说明一致，谢谢。', NULL, NULL, NULL);
INSERT INTO `TBL_FLOWER` VALUES (109, '相恋一生', '0000000', 'http://img.ihuashi.cn/data/upload/shop/store/goods/1/2017/06/01/1_05496466593369979.jpg', 529, 0.65, 66, '00', '19枝蓝色妖姬，搭配桔梗、高山积雪', '米白色韩式卡纸圆形包装，配香槟色缎带系蝴蝶结束扎。', '把我最好的爱给你，是我全部的温柔', '免费附送精美贺卡，代写您的祝福。(您下单时可填写留言栏)', '本地区各市县、乡镇、街道（市区内免费配送）', '由于鲜花包扎各地的花艺师不同，可能在花束的形式和搭配上与图片不完全一致，但我们保证鲜花的主花材品种、新鲜程度、数量、颜色与说明一致，谢谢。', NULL, NULL, NULL);

-- ----------------------------
-- Table structure for TBL_FLOWER_CODE
-- ----------------------------
DROP TABLE IF EXISTS `TBL_FLOWER_CODE`;
CREATE TABLE `TBL_FLOWER_CODE`  (
  `TYPE_ID` int(11) NOT NULL AUTO_INCREMENT,
  `TYPE_NAME` varchar(20) CHARACTER SET utf8 COLLATE utf8_general_ci NOT NULL,
  `FATHER_NAME` varchar(20) CHARACTER SET utf8 COLLATE utf8_general_ci NULL DEFAULT NULL,
  `SORT` varchar(10) CHARACTER SET utf8 COLLATE utf8_general_ci NULL DEFAULT NULL,
  PRIMARY KEY (`TYPE_ID`) USING BTREE
) ENGINE = InnoDB AUTO_INCREMENT = 100 CHARACTER SET = utf8 COLLATE = utf8_general_ci ROW_FORMAT = Dynamic;

-- ----------------------------
-- Records of TBL_FLOWER_CODE
-- ----------------------------
INSERT INTO `TBL_FLOWER_CODE` VALUES (1, '特价促销', NULL, '1');
INSERT INTO `TBL_FLOWER_CODE` VALUES (2, '新品上架', NULL, '2');
INSERT INTO `TBL_FLOWER_CODE` VALUES (3, '热卖商品', NULL, '3');
INSERT INTO `TBL_FLOWER_CODE` VALUES (4, '热评商品', NULL, '4');
INSERT INTO `TBL_FLOWER_CODE` VALUES (5, '猜您喜欢', NULL, '5');
INSERT INTO `TBL_FLOWER_CODE` VALUES (6, '开业花篮', NULL, '6');
INSERT INTO `TBL_FLOWER_CODE` VALUES (7, '用途', NULL, '1');
INSERT INTO `TBL_FLOWER_CODE` VALUES (8, '爱情鲜花', '用途', '1');
INSERT INTO `TBL_FLOWER_CODE` VALUES (9, '商务用花', '用途', '2');
INSERT INTO `TBL_FLOWER_CODE` VALUES (10, '生日鲜花', '用途', '3');
INSERT INTO `TBL_FLOWER_CODE` VALUES (11, '友情鲜花', '用途', '4');
INSERT INTO `TBL_FLOWER_CODE` VALUES (12, '老师长辈', '用途', '5');
INSERT INTO `TBL_FLOWER_CODE` VALUES (13, '求婚婚庆', '用途', '6');
INSERT INTO `TBL_FLOWER_CODE` VALUES (14, '道歉鲜花', '用途', '7');
INSERT INTO `TBL_FLOWER_CODE` VALUES (15, '探病慰问', '用途', '8');
INSERT INTO `TBL_FLOWER_CODE` VALUES (16, '祝福庆贺', '用途', '9');
INSERT INTO `TBL_FLOWER_CODE` VALUES (17, '花材', NULL, '1');
INSERT INTO `TBL_FLOWER_CODE` VALUES (18, '玫瑰', '花材', '1');
INSERT INTO `TBL_FLOWER_CODE` VALUES (19, '百合', '花材', '2');
INSERT INTO `TBL_FLOWER_CODE` VALUES (20, '向日葵', '花材', '3');
INSERT INTO `TBL_FLOWER_CODE` VALUES (21, '康乃馨', '花材', '4');
INSERT INTO `TBL_FLOWER_CODE` VALUES (24, '友情', NULL, '1');
INSERT INTO `TBL_FLOWER_CODE` VALUES (25, '生日', NULL, '1');
INSERT INTO `TBL_FLOWER_CODE` VALUES (26, '情人', NULL, '1');
INSERT INTO `TBL_FLOWER_CODE` VALUES (28, '朋友', NULL, '1');
INSERT INTO `TBL_FLOWER_CODE` VALUES (29, '圣诞', NULL, '1');
INSERT INTO `TBL_FLOWER_CODE` VALUES (31, '郁金香', '花材', '5');
INSERT INTO `TBL_FLOWER_CODE` VALUES (32, '扶郎', '花材', '6');
INSERT INTO `TBL_FLOWER_CODE` VALUES (33, '马蹄莲', '花材', '7');
INSERT INTO `TBL_FLOWER_CODE` VALUES (34, '满天星', '花材', '8');
INSERT INTO `TBL_FLOWER_CODE` VALUES (38, '价格', '', '1');
INSERT INTO `TBL_FLOWER_CODE` VALUES (40, '200-300元', '价格', '1');
INSERT INTO `TBL_FLOWER_CODE` VALUES (41, '300-500元', '价格', '2');
INSERT INTO `TBL_FLOWER_CODE` VALUES (42, '500-800元', '价格', '3');
INSERT INTO `TBL_FLOWER_CODE` VALUES (43, '800元以上', '价格', '4');
INSERT INTO `TBL_FLOWER_CODE` VALUES (44, '对象', '', '1');
INSERT INTO `TBL_FLOWER_CODE` VALUES (45, '恋人', '对象', '1');
INSERT INTO `TBL_FLOWER_CODE` VALUES (46, '朋友', '对象', '2');
INSERT INTO `TBL_FLOWER_CODE` VALUES (47, '父母', '对象', '3');
INSERT INTO `TBL_FLOWER_CODE` VALUES (48, '领导', '对象', '4');
INSERT INTO `TBL_FLOWER_CODE` VALUES (49, '老师', '对象', '5');
INSERT INTO `TBL_FLOWER_CODE` VALUES (50, '客户', '对象', '6');
INSERT INTO `TBL_FLOWER_CODE` VALUES (51, '长辈', '对象', '7');
INSERT INTO `TBL_FLOWER_CODE` VALUES (52, '病人', '对象', '8');
INSERT INTO `TBL_FLOWER_CODE` VALUES (53, '节日', '', '1');
INSERT INTO `TBL_FLOWER_CODE` VALUES (54, '七夕节', '节日', '1');
INSERT INTO `TBL_FLOWER_CODE` VALUES (55, '情人节', '节日', '2');
INSERT INTO `TBL_FLOWER_CODE` VALUES (56, '妇女节', '节日', '3');
INSERT INTO `TBL_FLOWER_CODE` VALUES (57, '母亲节', '节日', '4');
INSERT INTO `TBL_FLOWER_CODE` VALUES (58, '光棍节', '节日', '5');
INSERT INTO `TBL_FLOWER_CODE` VALUES (61, '感恩节', '节日', '6');
INSERT INTO `TBL_FLOWER_CODE` VALUES (62, '父亲节', '节日', '7');
INSERT INTO `TBL_FLOWER_CODE` VALUES (63, '教师节', '节日', '8');
INSERT INTO `TBL_FLOWER_CODE` VALUES (64, '枝数', '', '1');
INSERT INTO `TBL_FLOWER_CODE` VALUES (65, '9枝', '枝数', '1');
INSERT INTO `TBL_FLOWER_CODE` VALUES (66, '11枝', '枝数', '2');
INSERT INTO `TBL_FLOWER_CODE` VALUES (67, '12枝', '枝数', '3');
INSERT INTO `TBL_FLOWER_CODE` VALUES (68, '13枝', '枝数', '4');
INSERT INTO `TBL_FLOWER_CODE` VALUES (69, '16枝', '枝数', '5');
INSERT INTO `TBL_FLOWER_CODE` VALUES (70, '19枝', '枝数', '6');
INSERT INTO `TBL_FLOWER_CODE` VALUES (71, '21枝', '枝数', '7');
INSERT INTO `TBL_FLOWER_CODE` VALUES (72, '29枝', '枝数', '8');
INSERT INTO `TBL_FLOWER_CODE` VALUES (73, '33枝', '枝数', '9');
INSERT INTO `TBL_FLOWER_CODE` VALUES (74, '36枝', '枝数', '10');
INSERT INTO `TBL_FLOWER_CODE` VALUES (75, '66枝', '枝数', '11');
INSERT INTO `TBL_FLOWER_CODE` VALUES (76, '99枝', '枝数', '12');
INSERT INTO `TBL_FLOWER_CODE` VALUES (77, '99以上', '枝数', '13');
INSERT INTO `TBL_FLOWER_CODE` VALUES (78, '类型', '', '1');
INSERT INTO `TBL_FLOWER_CODE` VALUES (79, '手捧花束', '类型', '1');
INSERT INTO `TBL_FLOWER_CODE` VALUES (80, '礼盒鲜花', '类型', '2');
INSERT INTO `TBL_FLOWER_CODE` VALUES (81, '卡通花束', '类型', '3');
INSERT INTO `TBL_FLOWER_CODE` VALUES (82, '绿植发财树', '类型', '4');
INSERT INTO `TBL_FLOWER_CODE` VALUES (83, '开业花篮', '类型', '5');
INSERT INTO `TBL_FLOWER_CODE` VALUES (84, '巧克力花束', '类型', '6');
INSERT INTO `TBL_FLOWER_CODE` VALUES (85, '精美桌花', '类型', '7');
INSERT INTO `TBL_FLOWER_CODE` VALUES (86, '生日蛋糕', '类型', '8');
INSERT INTO `TBL_FLOWER_CODE` VALUES (88, '祭奠花篮', '类型', '9');
INSERT INTO `TBL_FLOWER_CODE` VALUES (89, '颜色', '', '1');
INSERT INTO `TBL_FLOWER_CODE` VALUES (90, '红色', '颜色', '1');
INSERT INTO `TBL_FLOWER_CODE` VALUES (91, '粉色', '颜色', '2');
INSERT INTO `TBL_FLOWER_CODE` VALUES (92, '紫色', '颜色', '3');
INSERT INTO `TBL_FLOWER_CODE` VALUES (93, '黄色', '颜色', '4');
INSERT INTO `TBL_FLOWER_CODE` VALUES (94, '白色', '颜色', '5');
INSERT INTO `TBL_FLOWER_CODE` VALUES (95, '蓝色', '颜色', '6');
INSERT INTO `TBL_FLOWER_CODE` VALUES (96, '香槟色', '颜色', '7');
INSERT INTO `TBL_FLOWER_CODE` VALUES (97, '高端鲜花', '用途', '10');
INSERT INTO `TBL_FLOWER_CODE` VALUES (99, '特价鲜花', '特价促销', '1');

-- ----------------------------
-- Table structure for TBL_FLOWER_STATUS
-- ----------------------------
DROP TABLE IF EXISTS `TBL_FLOWER_STATUS`;
CREATE TABLE `TBL_FLOWER_STATUS`  (
  `FLOWER_ID` int(11) NOT NULL AUTO_INCREMENT,
  `TYPE` varchar(20) CHARACTER SET utf8 COLLATE utf8_general_ci NOT NULL,
  `AMOUNT` int(11) NOT NULL,
  PRIMARY KEY (`FLOWER_ID`, `TYPE`) USING BTREE
) ENGINE = InnoDB AUTO_INCREMENT = 111 CHARACTER SET = utf8 COLLATE = utf8_general_ci ROW_FORMAT = Dynamic;

-- ----------------------------
-- Records of TBL_FLOWER_STATUS
-- ----------------------------
INSERT INTO `TBL_FLOWER_STATUS` VALUES (1, 'T001', 60);
INSERT INTO `TBL_FLOWER_STATUS` VALUES (1, 'T002', 24);
INSERT INTO `TBL_FLOWER_STATUS` VALUES (2, 'T001', 51);
INSERT INTO `TBL_FLOWER_STATUS` VALUES (2, 'T002', 12);
INSERT INTO `TBL_FLOWER_STATUS` VALUES (3, 'T001', 80);
INSERT INTO `TBL_FLOWER_STATUS` VALUES (3, 'T002', 8);
INSERT INTO `TBL_FLOWER_STATUS` VALUES (4, 'T001', 40);
INSERT INTO `TBL_FLOWER_STATUS` VALUES (4, 'T002', 4);
INSERT INTO `TBL_FLOWER_STATUS` VALUES (5, 'T001', 30);
INSERT INTO `TBL_FLOWER_STATUS` VALUES (6, 'T001', 31);
INSERT INTO `TBL_FLOWER_STATUS` VALUES (6, 'T002', 1);
INSERT INTO `TBL_FLOWER_STATUS` VALUES (7, 'T001', 39);
INSERT INTO `TBL_FLOWER_STATUS` VALUES (7, 'T002', 2);
INSERT INTO `TBL_FLOWER_STATUS` VALUES (8, 'T001', 34);
INSERT INTO `TBL_FLOWER_STATUS` VALUES (8, 'T002', 2);
INSERT INTO `TBL_FLOWER_STATUS` VALUES (9, 'T001', 9);
INSERT INTO `TBL_FLOWER_STATUS` VALUES (10, 'T001', 30);
INSERT INTO `TBL_FLOWER_STATUS` VALUES (11, 'T001', 44);
INSERT INTO `TBL_FLOWER_STATUS` VALUES (11, 'T002', 1);
INSERT INTO `TBL_FLOWER_STATUS` VALUES (12, 'T001', 25);
INSERT INTO `TBL_FLOWER_STATUS` VALUES (13, 'T001', 25);
INSERT INTO `TBL_FLOWER_STATUS` VALUES (14, 'T001', 33);
INSERT INTO `TBL_FLOWER_STATUS` VALUES (14, 'T002', 1);
INSERT INTO `TBL_FLOWER_STATUS` VALUES (15, 'T001', 33);
INSERT INTO `TBL_FLOWER_STATUS` VALUES (16, 'T001', 34);
INSERT INTO `TBL_FLOWER_STATUS` VALUES (16, 'T002', 3);
INSERT INTO `TBL_FLOWER_STATUS` VALUES (17, 'T001', 33);
INSERT INTO `TBL_FLOWER_STATUS` VALUES (17, 'T002', 1);
INSERT INTO `TBL_FLOWER_STATUS` VALUES (18, 'T001', 36);
INSERT INTO `TBL_FLOWER_STATUS` VALUES (18, 'T002', 1);
INSERT INTO `TBL_FLOWER_STATUS` VALUES (19, 'T001', 47);
INSERT INTO `TBL_FLOWER_STATUS` VALUES (20, 'T001', 28);
INSERT INTO `TBL_FLOWER_STATUS` VALUES (20, 'T002', 10);
INSERT INTO `TBL_FLOWER_STATUS` VALUES (22, 'T001', 26);
INSERT INTO `TBL_FLOWER_STATUS` VALUES (23, 'T001', 23);
INSERT INTO `TBL_FLOWER_STATUS` VALUES (24, 'T001', 23);
INSERT INTO `TBL_FLOWER_STATUS` VALUES (25, 'T001', 23);
INSERT INTO `TBL_FLOWER_STATUS` VALUES (26, 'T001', 23);
INSERT INTO `TBL_FLOWER_STATUS` VALUES (27, 'T001', 21);
INSERT INTO `TBL_FLOWER_STATUS` VALUES (28, 'T001', 19);
INSERT INTO `TBL_FLOWER_STATUS` VALUES (29, 'T001', 26);
INSERT INTO `TBL_FLOWER_STATUS` VALUES (30, 'T001', 27);
INSERT INTO `TBL_FLOWER_STATUS` VALUES (31, 'T001', 30);
INSERT INTO `TBL_FLOWER_STATUS` VALUES (32, 'T001', 34);
INSERT INTO `TBL_FLOWER_STATUS` VALUES (33, 'T001', 22);
INSERT INTO `TBL_FLOWER_STATUS` VALUES (34, 'T001', 48);
INSERT INTO `TBL_FLOWER_STATUS` VALUES (35, 'T001', 71);
INSERT INTO `TBL_FLOWER_STATUS` VALUES (36, 'T001', 25);
INSERT INTO `TBL_FLOWER_STATUS` VALUES (36, 'T002', 1);
INSERT INTO `TBL_FLOWER_STATUS` VALUES (37, 'T001', 25);
INSERT INTO `TBL_FLOWER_STATUS` VALUES (38, 'T001', 26);
INSERT INTO `TBL_FLOWER_STATUS` VALUES (39, 'T001', 25);
INSERT INTO `TBL_FLOWER_STATUS` VALUES (40, 'T001', 24);
INSERT INTO `TBL_FLOWER_STATUS` VALUES (41, 'T001', 24);
INSERT INTO `TBL_FLOWER_STATUS` VALUES (42, 'T001', 28);
INSERT INTO `TBL_FLOWER_STATUS` VALUES (42, 'T002', 1);
INSERT INTO `TBL_FLOWER_STATUS` VALUES (43, 'T001', 22);
INSERT INTO `TBL_FLOWER_STATUS` VALUES (44, 'T001', 30);
INSERT INTO `TBL_FLOWER_STATUS` VALUES (45, 'T001', 28);
INSERT INTO `TBL_FLOWER_STATUS` VALUES (46, 'T001', 27);
INSERT INTO `TBL_FLOWER_STATUS` VALUES (47, 'T001', 28);
INSERT INTO `TBL_FLOWER_STATUS` VALUES (48, 'T001', 27);
INSERT INTO `TBL_FLOWER_STATUS` VALUES (49, 'T001', 25);
INSERT INTO `TBL_FLOWER_STATUS` VALUES (50, 'T001', 28);
INSERT INTO `TBL_FLOWER_STATUS` VALUES (51, 'T001', 27);
INSERT INTO `TBL_FLOWER_STATUS` VALUES (52, 'T001', 40);
INSERT INTO `TBL_FLOWER_STATUS` VALUES (53, 'T001', 33);
INSERT INTO `TBL_FLOWER_STATUS` VALUES (54, 'T001', 24);
INSERT INTO `TBL_FLOWER_STATUS` VALUES (55, 'T001', 31);
INSERT INTO `TBL_FLOWER_STATUS` VALUES (56, 'T001', 21);
INSERT INTO `TBL_FLOWER_STATUS` VALUES (57, 'T001', 43);
INSERT INTO `TBL_FLOWER_STATUS` VALUES (57, 'T002', 3);
INSERT INTO `TBL_FLOWER_STATUS` VALUES (58, 'T001', 26);
INSERT INTO `TBL_FLOWER_STATUS` VALUES (59, 'T001', 61);
INSERT INTO `TBL_FLOWER_STATUS` VALUES (60, 'T001', 30);
INSERT INTO `TBL_FLOWER_STATUS` VALUES (61, 'T001', 19);
INSERT INTO `TBL_FLOWER_STATUS` VALUES (62, 'T001', 8);
INSERT INTO `TBL_FLOWER_STATUS` VALUES (63, 'T001', 8);
INSERT INTO `TBL_FLOWER_STATUS` VALUES (63, 'T002', 1);
INSERT INTO `TBL_FLOWER_STATUS` VALUES (64, 'T001', 8);
INSERT INTO `TBL_FLOWER_STATUS` VALUES (65, 'T001', 8);
INSERT INTO `TBL_FLOWER_STATUS` VALUES (66, 'T001', 6);
INSERT INTO `TBL_FLOWER_STATUS` VALUES (67, 'T001', 8);
INSERT INTO `TBL_FLOWER_STATUS` VALUES (68, 'T001', 7);
INSERT INTO `TBL_FLOWER_STATUS` VALUES (69, 'T001', 6);
INSERT INTO `TBL_FLOWER_STATUS` VALUES (70, 'T001', 7);
INSERT INTO `TBL_FLOWER_STATUS` VALUES (71, 'T001', 7);
INSERT INTO `TBL_FLOWER_STATUS` VALUES (72, 'T001', 8);
INSERT INTO `TBL_FLOWER_STATUS` VALUES (73, 'T001', 6);
INSERT INTO `TBL_FLOWER_STATUS` VALUES (74, 'T001', 10);
INSERT INTO `TBL_FLOWER_STATUS` VALUES (75, 'T001', 10);
INSERT INTO `TBL_FLOWER_STATUS` VALUES (76, 'T001', 10);
INSERT INTO `TBL_FLOWER_STATUS` VALUES (77, 'T001', 8);
INSERT INTO `TBL_FLOWER_STATUS` VALUES (78, 'T001', 11);
INSERT INTO `TBL_FLOWER_STATUS` VALUES (79, 'T001', 8);
INSERT INTO `TBL_FLOWER_STATUS` VALUES (80, 'T001', 8);
INSERT INTO `TBL_FLOWER_STATUS` VALUES (81, 'T001', 7);
INSERT INTO `TBL_FLOWER_STATUS` VALUES (82, 'T001', 7);
INSERT INTO `TBL_FLOWER_STATUS` VALUES (83, 'T001', 10);
INSERT INTO `TBL_FLOWER_STATUS` VALUES (84, 'T001', 10);
INSERT INTO `TBL_FLOWER_STATUS` VALUES (85, 'T001', 9);
INSERT INTO `TBL_FLOWER_STATUS` VALUES (86, 'T001', 9);
INSERT INTO `TBL_FLOWER_STATUS` VALUES (87, 'T001', 11);
INSERT INTO `TBL_FLOWER_STATUS` VALUES (88, 'T001', 10);
INSERT INTO `TBL_FLOWER_STATUS` VALUES (89, 'T001', 9);
INSERT INTO `TBL_FLOWER_STATUS` VALUES (90, 'T001', 10);
INSERT INTO `TBL_FLOWER_STATUS` VALUES (91, 'T001', 11);
INSERT INTO `TBL_FLOWER_STATUS` VALUES (92, 'T001', 9);
INSERT INTO `TBL_FLOWER_STATUS` VALUES (93, 'T001', 8);
INSERT INTO `TBL_FLOWER_STATUS` VALUES (94, 'T001', 10);
INSERT INTO `TBL_FLOWER_STATUS` VALUES (95, 'T001', 8);
INSERT INTO `TBL_FLOWER_STATUS` VALUES (96, 'T001', 11);
INSERT INTO `TBL_FLOWER_STATUS` VALUES (97, 'T001', 10);
INSERT INTO `TBL_FLOWER_STATUS` VALUES (98, 'T001', 11);
INSERT INTO `TBL_FLOWER_STATUS` VALUES (99, 'T001', 14);
INSERT INTO `TBL_FLOWER_STATUS` VALUES (99, 'T002', 1);
INSERT INTO `TBL_FLOWER_STATUS` VALUES (100, 'T001', 10);
INSERT INTO `TBL_FLOWER_STATUS` VALUES (101, 'T001', 10);
INSERT INTO `TBL_FLOWER_STATUS` VALUES (102, 'T001', 11);
INSERT INTO `TBL_FLOWER_STATUS` VALUES (103, 'T001', 10);
INSERT INTO `TBL_FLOWER_STATUS` VALUES (104, 'T001', 8);
INSERT INTO `TBL_FLOWER_STATUS` VALUES (105, 'T001', 8);
INSERT INTO `TBL_FLOWER_STATUS` VALUES (106, 'T001', 9);
INSERT INTO `TBL_FLOWER_STATUS` VALUES (107, 'T001', 8);
INSERT INTO `TBL_FLOWER_STATUS` VALUES (108, 'T001', 9);
INSERT INTO `TBL_FLOWER_STATUS` VALUES (109, 'T001', 9);
INSERT INTO `TBL_FLOWER_STATUS` VALUES (110, 'T001', 1);

-- ----------------------------
-- Table structure for TBL_FLOWER_TYPE
-- ----------------------------
DROP TABLE IF EXISTS `TBL_FLOWER_TYPE`;
CREATE TABLE `TBL_FLOWER_TYPE`  (
  `FLOWER_ID` int(11) NOT NULL,
  `TYPE_NAME` varchar(20) CHARACTER SET utf8 COLLATE utf8_general_ci NOT NULL,
  PRIMARY KEY (`FLOWER_ID`, `TYPE_NAME`) USING BTREE
) ENGINE = InnoDB CHARACTER SET = utf8 COLLATE = utf8_general_ci ROW_FORMAT = Dynamic;

-- ----------------------------
-- Records of TBL_FLOWER_TYPE
-- ----------------------------
INSERT INTO `TBL_FLOWER_TYPE` VALUES (1, '特价促销');
INSERT INTO `TBL_FLOWER_TYPE` VALUES (2, '33枝');
INSERT INTO `TBL_FLOWER_TYPE` VALUES (2, '七夕节');
INSERT INTO `TBL_FLOWER_TYPE` VALUES (2, '恋人');
INSERT INTO `TBL_FLOWER_TYPE` VALUES (2, '手捧花束');
INSERT INTO `TBL_FLOWER_TYPE` VALUES (2, '爱情鲜花');
INSERT INTO `TBL_FLOWER_TYPE` VALUES (2, '特价促销');
INSERT INTO `TBL_FLOWER_TYPE` VALUES (2, '玫瑰');
INSERT INTO `TBL_FLOWER_TYPE` VALUES (2, '生日蛋糕');
INSERT INTO `TBL_FLOWER_TYPE` VALUES (2, '红色');
INSERT INTO `TBL_FLOWER_TYPE` VALUES (3, '11枝');
INSERT INTO `TBL_FLOWER_TYPE` VALUES (3, '200-300元');
INSERT INTO `TBL_FLOWER_TYPE` VALUES (3, '七夕节');
INSERT INTO `TBL_FLOWER_TYPE` VALUES (3, '光棍节');
INSERT INTO `TBL_FLOWER_TYPE` VALUES (3, '恋人');
INSERT INTO `TBL_FLOWER_TYPE` VALUES (3, '情人节');
INSERT INTO `TBL_FLOWER_TYPE` VALUES (3, '手捧花束');
INSERT INTO `TBL_FLOWER_TYPE` VALUES (3, '爱情鲜花');
INSERT INTO `TBL_FLOWER_TYPE` VALUES (3, '特价促销');
INSERT INTO `TBL_FLOWER_TYPE` VALUES (3, '玫瑰');
INSERT INTO `TBL_FLOWER_TYPE` VALUES (3, '生日蛋糕');
INSERT INTO `TBL_FLOWER_TYPE` VALUES (3, '生日鲜花');
INSERT INTO `TBL_FLOWER_TYPE` VALUES (3, '红色');
INSERT INTO `TBL_FLOWER_TYPE` VALUES (4, '300-500元');
INSERT INTO `TBL_FLOWER_TYPE` VALUES (4, '七夕节');
INSERT INTO `TBL_FLOWER_TYPE` VALUES (4, '光棍节');
INSERT INTO `TBL_FLOWER_TYPE` VALUES (4, '妇女节');
INSERT INTO `TBL_FLOWER_TYPE` VALUES (4, '父母');
INSERT INTO `TBL_FLOWER_TYPE` VALUES (4, '特价促销');
INSERT INTO `TBL_FLOWER_TYPE` VALUES (4, '病人');
INSERT INTO `TBL_FLOWER_TYPE` VALUES (5, '33枝');
INSERT INTO `TBL_FLOWER_TYPE` VALUES (5, '商务用花');
INSERT INTO `TBL_FLOWER_TYPE` VALUES (5, '手捧花束');
INSERT INTO `TBL_FLOWER_TYPE` VALUES (5, '爱情鲜花');
INSERT INTO `TBL_FLOWER_TYPE` VALUES (5, '特价促销');
INSERT INTO `TBL_FLOWER_TYPE` VALUES (5, '玫瑰');
INSERT INTO `TBL_FLOWER_TYPE` VALUES (5, '生日蛋糕');
INSERT INTO `TBL_FLOWER_TYPE` VALUES (5, '生日鲜花');
INSERT INTO `TBL_FLOWER_TYPE` VALUES (5, '香槟色');
INSERT INTO `TBL_FLOWER_TYPE` VALUES (6, '特价促销');
INSERT INTO `TBL_FLOWER_TYPE` VALUES (7, '11枝');
INSERT INTO `TBL_FLOWER_TYPE` VALUES (7, '200-300元');
INSERT INTO `TBL_FLOWER_TYPE` VALUES (7, '特价促销');
INSERT INTO `TBL_FLOWER_TYPE` VALUES (7, '祝福庆贺');
INSERT INTO `TBL_FLOWER_TYPE` VALUES (8, '特价促销');
INSERT INTO `TBL_FLOWER_TYPE` VALUES (9, '300-500元');
INSERT INTO `TBL_FLOWER_TYPE` VALUES (10, '新品上架');
INSERT INTO `TBL_FLOWER_TYPE` VALUES (10, '蓝色');
INSERT INTO `TBL_FLOWER_TYPE` VALUES (10, '蓝色妖姬');
INSERT INTO `TBL_FLOWER_TYPE` VALUES (11, '新品上架');
INSERT INTO `TBL_FLOWER_TYPE` VALUES (11, '生日鲜花');
INSERT INTO `TBL_FLOWER_TYPE` VALUES (11, '礼盒鲜花');
INSERT INTO `TBL_FLOWER_TYPE` VALUES (12, '七夕节');
INSERT INTO `TBL_FLOWER_TYPE` VALUES (12, '妇女节');
INSERT INTO `TBL_FLOWER_TYPE` VALUES (12, '客户');
INSERT INTO `TBL_FLOWER_TYPE` VALUES (12, '感恩节');
INSERT INTO `TBL_FLOWER_TYPE` VALUES (12, '新品上架');
INSERT INTO `TBL_FLOWER_TYPE` VALUES (12, '朋友');
INSERT INTO `TBL_FLOWER_TYPE` VALUES (12, '母亲节');
INSERT INTO `TBL_FLOWER_TYPE` VALUES (12, '父亲节');
INSERT INTO `TBL_FLOWER_TYPE` VALUES (12, '父母');
INSERT INTO `TBL_FLOWER_TYPE` VALUES (12, '病人');
INSERT INTO `TBL_FLOWER_TYPE` VALUES (12, '百合');
INSERT INTO `TBL_FLOWER_TYPE` VALUES (12, '老师');
INSERT INTO `TBL_FLOWER_TYPE` VALUES (12, '道歉鲜花');
INSERT INTO `TBL_FLOWER_TYPE` VALUES (12, '领导');
INSERT INTO `TBL_FLOWER_TYPE` VALUES (13, '新品上架');
INSERT INTO `TBL_FLOWER_TYPE` VALUES (14, '33枝');
INSERT INTO `TBL_FLOWER_TYPE` VALUES (14, '感恩节');
INSERT INTO `TBL_FLOWER_TYPE` VALUES (14, '教师节');
INSERT INTO `TBL_FLOWER_TYPE` VALUES (14, '新品上架');
INSERT INTO `TBL_FLOWER_TYPE` VALUES (14, '香槟色');
INSERT INTO `TBL_FLOWER_TYPE` VALUES (15, '友情鲜花');
INSERT INTO `TBL_FLOWER_TYPE` VALUES (15, '商务用花');
INSERT INTO `TBL_FLOWER_TYPE` VALUES (15, '新品上架');
INSERT INTO `TBL_FLOWER_TYPE` VALUES (15, '白色');
INSERT INTO `TBL_FLOWER_TYPE` VALUES (15, '老师');
INSERT INTO `TBL_FLOWER_TYPE` VALUES (15, '领导');
INSERT INTO `TBL_FLOWER_TYPE` VALUES (16, '热卖商品');
INSERT INTO `TBL_FLOWER_TYPE` VALUES (17, '热卖商品');
INSERT INTO `TBL_FLOWER_TYPE` VALUES (18, '热卖商品');
INSERT INTO `TBL_FLOWER_TYPE` VALUES (19, '29枝');
INSERT INTO `TBL_FLOWER_TYPE` VALUES (19, '新品上架');
INSERT INTO `TBL_FLOWER_TYPE` VALUES (19, '白色');
INSERT INTO `TBL_FLOWER_TYPE` VALUES (20, '新品上架');
INSERT INTO `TBL_FLOWER_TYPE` VALUES (22, '33枝');
INSERT INTO `TBL_FLOWER_TYPE` VALUES (22, '手捧花束');
INSERT INTO `TBL_FLOWER_TYPE` VALUES (22, '热卖商品');
INSERT INTO `TBL_FLOWER_TYPE` VALUES (22, '爱情鲜花');
INSERT INTO `TBL_FLOWER_TYPE` VALUES (22, '玫瑰');
INSERT INTO `TBL_FLOWER_TYPE` VALUES (22, '红色');
INSERT INTO `TBL_FLOWER_TYPE` VALUES (23, '500-800元');
INSERT INTO `TBL_FLOWER_TYPE` VALUES (23, '热卖商品');
INSERT INTO `TBL_FLOWER_TYPE` VALUES (24, '热卖商品');
INSERT INTO `TBL_FLOWER_TYPE` VALUES (25, '热卖商品');
INSERT INTO `TBL_FLOWER_TYPE` VALUES (26, '热卖商品');
INSERT INTO `TBL_FLOWER_TYPE` VALUES (27, '热卖商品');
INSERT INTO `TBL_FLOWER_TYPE` VALUES (28, '热评商品');
INSERT INTO `TBL_FLOWER_TYPE` VALUES (29, '热评商品');
INSERT INTO `TBL_FLOWER_TYPE` VALUES (30, '热评商品');
INSERT INTO `TBL_FLOWER_TYPE` VALUES (31, '热评商品');
INSERT INTO `TBL_FLOWER_TYPE` VALUES (32, '热评商品');
INSERT INTO `TBL_FLOWER_TYPE` VALUES (33, '热评商品');
INSERT INTO `TBL_FLOWER_TYPE` VALUES (33, '父亲节');
INSERT INTO `TBL_FLOWER_TYPE` VALUES (33, '百合');
INSERT INTO `TBL_FLOWER_TYPE` VALUES (34, '热评商品');
INSERT INTO `TBL_FLOWER_TYPE` VALUES (35, '热评商品');
INSERT INTO `TBL_FLOWER_TYPE` VALUES (36, '800元以上');
INSERT INTO `TBL_FLOWER_TYPE` VALUES (36, '猜您喜欢');
INSERT INTO `TBL_FLOWER_TYPE` VALUES (37, '猜您喜欢');
INSERT INTO `TBL_FLOWER_TYPE` VALUES (38, '猜您喜欢');
INSERT INTO `TBL_FLOWER_TYPE` VALUES (39, '猜您喜欢');
INSERT INTO `TBL_FLOWER_TYPE` VALUES (40, '猜您喜欢');
INSERT INTO `TBL_FLOWER_TYPE` VALUES (40, '高端鲜花');
INSERT INTO `TBL_FLOWER_TYPE` VALUES (41, '猜您喜欢');
INSERT INTO `TBL_FLOWER_TYPE` VALUES (42, '猜您喜欢');
INSERT INTO `TBL_FLOWER_TYPE` VALUES (43, '猜您喜欢');
INSERT INTO `TBL_FLOWER_TYPE` VALUES (44, '开业花篮');
INSERT INTO `TBL_FLOWER_TYPE` VALUES (45, '开业花篮');
INSERT INTO `TBL_FLOWER_TYPE` VALUES (46, '开业花篮');
INSERT INTO `TBL_FLOWER_TYPE` VALUES (47, '开业花篮');
INSERT INTO `TBL_FLOWER_TYPE` VALUES (48, '开业花篮');
INSERT INTO `TBL_FLOWER_TYPE` VALUES (49, '开业花篮');
INSERT INTO `TBL_FLOWER_TYPE` VALUES (50, '开业花篮');
INSERT INTO `TBL_FLOWER_TYPE` VALUES (51, '开业花篮');
INSERT INTO `TBL_FLOWER_TYPE` VALUES (56, '热评商品');
INSERT INTO `TBL_FLOWER_TYPE` VALUES (57, '500-800元');
INSERT INTO `TBL_FLOWER_TYPE` VALUES (57, '热评商品');
INSERT INTO `TBL_FLOWER_TYPE` VALUES (58, '热评商品');
INSERT INTO `TBL_FLOWER_TYPE` VALUES (58, '紫色');
INSERT INTO `TBL_FLOWER_TYPE` VALUES (58, '高端鲜花');
INSERT INTO `TBL_FLOWER_TYPE` VALUES (59, '热评商品');
INSERT INTO `TBL_FLOWER_TYPE` VALUES (60, '36枝');
INSERT INTO `TBL_FLOWER_TYPE` VALUES (60, '爱情鲜花');
INSERT INTO `TBL_FLOWER_TYPE` VALUES (60, '玫瑰');
INSERT INTO `TBL_FLOWER_TYPE` VALUES (61, '9枝');
INSERT INTO `TBL_FLOWER_TYPE` VALUES (61, '向日葵');
INSERT INTO `TBL_FLOWER_TYPE` VALUES (61, '商务用花');
INSERT INTO `TBL_FLOWER_TYPE` VALUES (61, '客户');
INSERT INTO `TBL_FLOWER_TYPE` VALUES (61, '黄色');
INSERT INTO `TBL_FLOWER_TYPE` VALUES (62, '11枝');
INSERT INTO `TBL_FLOWER_TYPE` VALUES (62, '玫瑰');
INSERT INTO `TBL_FLOWER_TYPE` VALUES (62, '生日鲜花');
INSERT INTO `TBL_FLOWER_TYPE` VALUES (62, '粉色');
INSERT INTO `TBL_FLOWER_TYPE` VALUES (63, '800元以上');
INSERT INTO `TBL_FLOWER_TYPE` VALUES (63, '七夕节');
INSERT INTO `TBL_FLOWER_TYPE` VALUES (63, '友情');
INSERT INTO `TBL_FLOWER_TYPE` VALUES (63, '圣诞');
INSERT INTO `TBL_FLOWER_TYPE` VALUES (63, '情人');
INSERT INTO `TBL_FLOWER_TYPE` VALUES (63, '情人节');
INSERT INTO `TBL_FLOWER_TYPE` VALUES (63, '朋友');
INSERT INTO `TBL_FLOWER_TYPE` VALUES (63, '生日');
INSERT INTO `TBL_FLOWER_TYPE` VALUES (63, '高端鲜花');
INSERT INTO `TBL_FLOWER_TYPE` VALUES (64, '高端鲜花');
INSERT INTO `TBL_FLOWER_TYPE` VALUES (65, '百合');
INSERT INTO `TBL_FLOWER_TYPE` VALUES (66, '老师');
INSERT INTO `TBL_FLOWER_TYPE` VALUES (67, '友情鲜花');
INSERT INTO `TBL_FLOWER_TYPE` VALUES (68, '教师节');
INSERT INTO `TBL_FLOWER_TYPE` VALUES (68, '老师长辈');
INSERT INTO `TBL_FLOWER_TYPE` VALUES (69, '探病慰问');
INSERT INTO `TBL_FLOWER_TYPE` VALUES (69, '母亲节');
INSERT INTO `TBL_FLOWER_TYPE` VALUES (69, '老师长辈');
INSERT INTO `TBL_FLOWER_TYPE` VALUES (70, '求婚婚庆');
INSERT INTO `TBL_FLOWER_TYPE` VALUES (71, '求婚婚庆');
INSERT INTO `TBL_FLOWER_TYPE` VALUES (72, '道歉鲜花');
INSERT INTO `TBL_FLOWER_TYPE` VALUES (73, '祝福庆贺');
INSERT INTO `TBL_FLOWER_TYPE` VALUES (74, '向日葵');
INSERT INTO `TBL_FLOWER_TYPE` VALUES (75, '康乃馨');
INSERT INTO `TBL_FLOWER_TYPE` VALUES (76, '康乃馨');
INSERT INTO `TBL_FLOWER_TYPE` VALUES (77, '9枝');
INSERT INTO `TBL_FLOWER_TYPE` VALUES (78, '12枝');
INSERT INTO `TBL_FLOWER_TYPE` VALUES (79, '12枝');
INSERT INTO `TBL_FLOWER_TYPE` VALUES (80, '13枝');
INSERT INTO `TBL_FLOWER_TYPE` VALUES (81, '13枝');
INSERT INTO `TBL_FLOWER_TYPE` VALUES (82, '16枝');
INSERT INTO `TBL_FLOWER_TYPE` VALUES (83, '16枝');
INSERT INTO `TBL_FLOWER_TYPE` VALUES (84, '19枝');
INSERT INTO `TBL_FLOWER_TYPE` VALUES (85, '19枝');
INSERT INTO `TBL_FLOWER_TYPE` VALUES (86, '21枝');
INSERT INTO `TBL_FLOWER_TYPE` VALUES (87, '21枝');
INSERT INTO `TBL_FLOWER_TYPE` VALUES (88, '29枝');
INSERT INTO `TBL_FLOWER_TYPE` VALUES (89, '36枝');
INSERT INTO `TBL_FLOWER_TYPE` VALUES (90, '66枝');
INSERT INTO `TBL_FLOWER_TYPE` VALUES (90, '白色');
INSERT INTO `TBL_FLOWER_TYPE` VALUES (90, '礼盒鲜花');
INSERT INTO `TBL_FLOWER_TYPE` VALUES (91, '66枝');
INSERT INTO `TBL_FLOWER_TYPE` VALUES (92, '99枝');
INSERT INTO `TBL_FLOWER_TYPE` VALUES (93, '99枝');
INSERT INTO `TBL_FLOWER_TYPE` VALUES (94, '99以上');
INSERT INTO `TBL_FLOWER_TYPE` VALUES (95, '99以上');
INSERT INTO `TBL_FLOWER_TYPE` VALUES (96, '礼盒鲜花');
INSERT INTO `TBL_FLOWER_TYPE` VALUES (97, '卡通花束');
INSERT INTO `TBL_FLOWER_TYPE` VALUES (97, '巧克力花束');
INSERT INTO `TBL_FLOWER_TYPE` VALUES (98, '卡通花束');
INSERT INTO `TBL_FLOWER_TYPE` VALUES (99, '绿植发财树');
INSERT INTO `TBL_FLOWER_TYPE` VALUES (100, '绿植发财树');
INSERT INTO `TBL_FLOWER_TYPE` VALUES (101, '巧克力花束');
INSERT INTO `TBL_FLOWER_TYPE` VALUES (102, '精美桌花');
INSERT INTO `TBL_FLOWER_TYPE` VALUES (103, '精美桌花');
INSERT INTO `TBL_FLOWER_TYPE` VALUES (104, '祭奠花篮');
INSERT INTO `TBL_FLOWER_TYPE` VALUES (105, '祭奠花篮');
INSERT INTO `TBL_FLOWER_TYPE` VALUES (106, '粉色');
INSERT INTO `TBL_FLOWER_TYPE` VALUES (107, '紫色');
INSERT INTO `TBL_FLOWER_TYPE` VALUES (108, '黄色');
INSERT INTO `TBL_FLOWER_TYPE` VALUES (109, '蓝色');

-- ----------------------------
-- Table structure for TBL_GATEWAY_ORDER
-- ----------------------------
DROP TABLE IF EXISTS `TBL_GATEWAY_ORDER`;
CREATE TABLE `TBL_GATEWAY_ORDER`  (
  `GATEWAY_ORD_ID` int(11) NOT NULL AUTO_INCREMENT,
  `GATEWAY_SYS_TIME` varchar(14) CHARACTER SET utf8 COLLATE utf8_general_ci NULL DEFAULT NULL,
  `TXN_TYPE` varchar(8) CHARACTER SET utf8 COLLATE utf8_general_ci NULL DEFAULT NULL,
  `USER_ID` int(11) NULL DEFAULT NULL,
  `CURRENCY` varchar(5) CHARACTER SET utf8 COLLATE utf8_general_ci NULL DEFAULT NULL,
  `TXN_AMT` decimal(10, 2) NULL DEFAULT 0.00,
  `TXN_REMARK` varchar(200) CHARACTER SET utf8 COLLATE utf8_general_ci NULL DEFAULT NULL,
  `STATUS` varchar(2) CHARACTER SET utf8 COLLATE utf8_general_ci NULL DEFAULT '99',
  `RESERVED1` varchar(200) CHARACTER SET utf8 COLLATE utf8_general_ci NULL DEFAULT NULL,
  `RESERVED2` varchar(200) CHARACTER SET utf8 COLLATE utf8_general_ci NULL DEFAULT NULL,
  `RESERVED3` varchar(200) CHARACTER SET utf8 COLLATE utf8_general_ci NULL DEFAULT NULL,
  PRIMARY KEY (`GATEWAY_ORD_ID`) USING BTREE
) ENGINE = InnoDB AUTO_INCREMENT = 93 CHARACTER SET = utf8 COLLATE = utf8_general_ci ROW_FORMAT = Dynamic;

-- ----------------------------
-- Records of TBL_GATEWAY_ORDER
-- ----------------------------
INSERT INTO `TBL_GATEWAY_ORDER` VALUES (3, '20190205221450', 'A002', 1, 'CNY', 1139.00, '花开月正圆    5份<br>', '00', NULL, NULL, NULL);
INSERT INTO `TBL_GATEWAY_ORDER` VALUES (4, '20190210212833', 'A001', 1, 'CNY', 2734.00, '花开月正圆    12份<br>', '00', NULL, NULL, NULL);
INSERT INTO `TBL_GATEWAY_ORDER` VALUES (5, '20190211192345', 'A001', 1, 'CNY', 178.00, '花开月正圆    1份<br>南国相思    1份<br>携手一生    1份<br>', '00', NULL, NULL, NULL);
INSERT INTO `TBL_GATEWAY_ORDER` VALUES (6, '20190211193026', 'A001', 1, 'CNY', 178.00, '花开月正圆    1份<br>南国相思    1份<br>携手一生    1份<br>', '01', NULL, NULL, NULL);
INSERT INTO `TBL_GATEWAY_ORDER` VALUES (7, '20190211193646', 'A001', 1, 'CNY', 875.00, '用心爱你    13份<br>爱你的名义    3份<br>', '02', NULL, NULL, NULL);
INSERT INTO `TBL_GATEWAY_ORDER` VALUES (8, '20190211193849', 'A001', 1, 'CNY', 446.00, '为你沦陷    3份<br>深深的祝福    2份<br>', '00', NULL, NULL, NULL);
INSERT INTO `TBL_GATEWAY_ORDER` VALUES (9, '20190211194117', 'A002', 2, 'CNY', 876.00, '美丽心情    4份<br>', '02', NULL, NULL, NULL);
INSERT INTO `TBL_GATEWAY_ORDER` VALUES (10, '20190211194208', 'A001', 2, 'CNY', 4850.00, '风华绝代    3份<br>钟爱一生    14份<br>', '99', NULL, NULL, NULL);
INSERT INTO `TBL_GATEWAY_ORDER` VALUES (11, '20190211224655', 'A002', 1, 'CNY', 572.00, '比翼双飞    3份<br>微微一笑很倾城    2份<br>', '99', NULL, NULL, NULL);
INSERT INTO `TBL_GATEWAY_ORDER` VALUES (12, '20190211224718', 'A002', 1, 'CNY', 893.00, '无法不爱你    5份<br>', '99', NULL, NULL, NULL);
INSERT INTO `TBL_GATEWAY_ORDER` VALUES (13, '20190214182846', 'A002', 1, 'CNY', 509.00, '花开月正圆    3份<br>我为你着迷    2份<br>', '01', NULL, NULL, NULL);
INSERT INTO `TBL_GATEWAY_ORDER` VALUES (14, '20190214190014', 'A002', 1, 'CNY', 947.00, '愈爱愈好    4份<br>', '99', NULL, NULL, NULL);
INSERT INTO `TBL_GATEWAY_ORDER` VALUES (15, '20190214190208', 'A002', 1, 'CNY', 572.00, '无法不爱你    1份<br>微微一笑很倾城    2份<br>', '99', NULL, NULL, NULL);
INSERT INTO `TBL_GATEWAY_ORDER` VALUES (16, '20190214203557', 'A002', 16, 'CNY', 236.00, '愈爱愈好    1份<br>', '00', NULL, NULL, NULL);
INSERT INTO `TBL_GATEWAY_ORDER` VALUES (17, '20190214203603', 'A001', 16, 'CNY', 473.00, '愈爱愈好    2份<br>', '99', NULL, NULL, NULL);
INSERT INTO `TBL_GATEWAY_ORDER` VALUES (18, '20190216184602', 'A002', 1, 'CNY', 683.00, '花开月正圆    3份<br>', '99', NULL, NULL, NULL);
INSERT INTO `TBL_GATEWAY_ORDER` VALUES (19, '20190216184759', 'A001', 1, 'CNY', 683.00, '花开月正圆    3份<br>', '99', NULL, NULL, NULL);
INSERT INTO `TBL_GATEWAY_ORDER` VALUES (20, '20190216192530', 'A001', 1, 'CNY', 455.00, '携手一生    3份<br>花开月正圆    2份<br>', '99', NULL, NULL, NULL);
INSERT INTO `TBL_GATEWAY_ORDER` VALUES (21, '20190216193556', 'A002', 1, 'CNY', 683.00, '花开月正圆    3份<br>', '99', NULL, NULL, NULL);
INSERT INTO `TBL_GATEWAY_ORDER` VALUES (22, '20190216193634', 'A002', 1, 'CNY', 2078.00, '风华绝代    2份<br>最美的时光    1份<br>钟爱一生    6份<br>', '99', NULL, NULL, NULL);
INSERT INTO `TBL_GATEWAY_ORDER` VALUES (23, '20190216195002', 'A002', 1, 'CNY', 1006.00, '浪漫心情    3份<br>', '99', NULL, NULL, NULL);
INSERT INTO `TBL_GATEWAY_ORDER` VALUES (24, '20190216195039', 'A002', 1, 'CNY', 924.00, '花开月正圆    1份<br>南国相思    3份<br>恒久挚爱    3份<br>', '99', NULL, NULL, NULL);
INSERT INTO `TBL_GATEWAY_ORDER` VALUES (25, '20190217201420', 'A001', 1, 'CNY', 438.00, '蓝色之吻    1份<br>', '99', NULL, NULL, NULL);
INSERT INTO `TBL_GATEWAY_ORDER` VALUES (26, '20190219130554', 'A001', 1, 'CNY', 289.00, '南国相思    1份<br>', '99', NULL, NULL, NULL);
INSERT INTO `TBL_GATEWAY_ORDER` VALUES (27, '20190219131040', 'A001', 1, 'CNY', 219.00, '我为你着迷    2份<br>美丽心情    1份<br>', '99', NULL, NULL, NULL);
INSERT INTO `TBL_GATEWAY_ORDER` VALUES (28, '20190219131115', 'A001', 1, 'CNY', 335.00, '美丽心情    1份<br>浪漫心情    1份<br>', '99', NULL, NULL, NULL);
INSERT INTO `TBL_GATEWAY_ORDER` VALUES (29, '20190219152732', 'A002', 1, 'CNY', 670.00, '无法不爱你    3份<br>浪漫心情    2份<br>', '99', NULL, NULL, NULL);
INSERT INTO `TBL_GATEWAY_ORDER` VALUES (30, '20190219172010', 'A002', 17, 'CNY', 227.00, '花开月正圆    1份<br>', '00', NULL, NULL, NULL);
INSERT INTO `TBL_GATEWAY_ORDER` VALUES (31, '20190219172636', 'A002', 17, 'CNY', 289.00, '南国相思    1份<br>', '99', NULL, NULL, NULL);
INSERT INTO `TBL_GATEWAY_ORDER` VALUES (36, '20190308010119', 'A001', 1, 'CNY', 285.00, '爱的告白    1份<br>', '99', NULL, NULL, NULL);
INSERT INTO `TBL_GATEWAY_ORDER` VALUES (37, '20190301010559', 'A001', 1, 'CNY', 227.00, '花开月正圆    1份<br>', '99', NULL, NULL, NULL);
INSERT INTO `TBL_GATEWAY_ORDER` VALUES (38, '20190311010559', 'A002', 1, 'CNY', 307.00, '花开月正圆    1份<br>情深眷恋    1份<br>', '99', NULL, NULL, NULL);
INSERT INTO `TBL_GATEWAY_ORDER` VALUES (39, '20190311204626', 'A001', 1, 'CNY', 218.00, '此生幸福    1份<br>', '99', NULL, NULL, NULL);
INSERT INTO `TBL_GATEWAY_ORDER` VALUES (40, '20190312204626', 'A002', 1, 'CNY', 218.00, '此生幸福    1份<br>', '99', NULL, NULL, NULL);
INSERT INTO `TBL_GATEWAY_ORDER` VALUES (41, '20190314204659', 'A001', 1, 'CNY', 438.00, '蓝色之吻    1份<br>', '99', NULL, NULL, NULL);
INSERT INTO `TBL_GATEWAY_ORDER` VALUES (42, '20190314155901', 'A002', 1, 'CNY', 289.00, '南国相思    1份<br>', '99', NULL, NULL, NULL);
INSERT INTO `TBL_GATEWAY_ORDER` VALUES (43, '20190314205159', 'A001', 1, 'CNY', 236.00, '愈爱愈好    1份<br>', '99', NULL, NULL, NULL);
INSERT INTO `TBL_GATEWAY_ORDER` VALUES (44, '20190315195002', 'A002', 1, 'CNY', 178.00, '携手一生    1份<br>', '00', NULL, NULL, NULL);
INSERT INTO `TBL_GATEWAY_ORDER` VALUES (45, '20190318195435', 'A001', 1, 'CNY', 289.00, '南国相思    1份<br>', '00', NULL, NULL, NULL);
INSERT INTO `TBL_GATEWAY_ORDER` VALUES (46, '20190318200420', 'A001', 1, 'CNY', 455.00, '花开月正圆    2份<br>', '99', NULL, NULL, NULL);
INSERT INTO `TBL_GATEWAY_ORDER` VALUES (47, '20190318201631', 'A001', 1, 'CNY', 178.00, '携手一生    1份<br>', '99', NULL, NULL, NULL);
INSERT INTO `TBL_GATEWAY_ORDER` VALUES (48, '20190318201736', 'A001', 1, 'CNY', 178.00, '携手一生    1份<br>', '99', NULL, NULL, NULL);
INSERT INTO `TBL_GATEWAY_ORDER` VALUES (49, '20190318201753', 'A001', 1, 'CNY', 178.00, '携手一生    1份<br>', '99', NULL, NULL, NULL);
INSERT INTO `TBL_GATEWAY_ORDER` VALUES (50, '20190318201753', 'A001', 1, 'CNY', 178.00, '携手一生    1份<br>', '99', NULL, NULL, NULL);
INSERT INTO `TBL_GATEWAY_ORDER` VALUES (51, '20190318201753', 'A001', 1, 'CNY', 178.00, '携手一生    1份<br>', '99', NULL, NULL, NULL);
INSERT INTO `TBL_GATEWAY_ORDER` VALUES (52, '20190321212206', 'A002', 20, 'CNY', 178.00, '携手一生    1份<br>', '99', NULL, NULL, NULL);
INSERT INTO `TBL_GATEWAY_ORDER` VALUES (53, '20190401160155', 'A001', 1, 'CNY', 356.00, '携手一生    2份<br>', '99', NULL, NULL, NULL);
INSERT INTO `TBL_GATEWAY_ORDER` VALUES (54, '20190402165056', 'A002', 17, 'CNY', 1043.00, '蓝色爱情海    1份<br>', '99', NULL, NULL, NULL);
INSERT INTO `TBL_GATEWAY_ORDER` VALUES (55, '20190330165103', 'A002', 17, 'CNY', 892.00, '等待爱情    1份<br>', '99', NULL, NULL, NULL);
INSERT INTO `TBL_GATEWAY_ORDER` VALUES (56, '20190331165119', 'A002', 17, 'CNY', 583.00, '招财进宝    1份<br>', '99', NULL, NULL, NULL);
INSERT INTO `TBL_GATEWAY_ORDER` VALUES (57, '20190402165419', 'A002', 17, 'CNY', 618.00, '向着幸福前进    1份<br>', '99', NULL, NULL, NULL);
INSERT INTO `TBL_GATEWAY_ORDER` VALUES (58, '20190402165815', 'A002', 17, 'CNY', 1876.00, '花开月正圆    8份<br>', '99', NULL, NULL, NULL);
INSERT INTO `TBL_GATEWAY_ORDER` VALUES (59, '20190402174049', 'A002', 17, 'CNY', 236.00, '愈爱愈好    1份<br>', '99', NULL, NULL, NULL);
INSERT INTO `TBL_GATEWAY_ORDER` VALUES (60, '20190402174050', 'A002', 17, 'CNY', 236.00, '愈爱愈好    1份<br>', '99', NULL, NULL, NULL);
INSERT INTO `TBL_GATEWAY_ORDER` VALUES (61, '20190402174226', 'A002', 17, 'CNY', 438.00, '蓝色之吻    1份<br>', '99', NULL, NULL, NULL);
INSERT INTO `TBL_GATEWAY_ORDER` VALUES (62, '20190402174251', 'A002', 17, 'CNY', 2190.00, '蓝色之吻    5份<br>', '99', NULL, NULL, NULL);
INSERT INTO `TBL_GATEWAY_ORDER` VALUES (63, '20190408204839', 'A001', 1, 'CNY', 177.00, '甜如蜜    1份<br>', '99', NULL, NULL, NULL);
INSERT INTO `TBL_GATEWAY_ORDER` VALUES (72, '20190426124005', 'A001', 1, 'CNY', 227.00, '花开月正圆    1份<br>', '99', NULL, NULL, NULL);
INSERT INTO `TBL_GATEWAY_ORDER` VALUES (82, '20190426124643', 'A001', 1, 'CNY', 1035.00, '南国相思    2份<br>花开月正圆    2份<br>', '99', NULL, NULL, NULL);
INSERT INTO `TBL_GATEWAY_ORDER` VALUES (83, '20190426125035', 'A001', 1, 'CNY', 178.00, '无法不爱你    1份<br>', '99', NULL, NULL, NULL);
INSERT INTO `TBL_GATEWAY_ORDER` VALUES (84, '20190426125124', 'A001', 1, 'CNY', 1620.00, '比翼双飞    2份<br>风华绝代    4份<br>', '99', NULL, NULL, NULL);
INSERT INTO `TBL_GATEWAY_ORDER` VALUES (85, '20190427193334', 'A002', 17, 'CNY', 227.84, '花开月正圆    1份<br>', '99', NULL, NULL, NULL);
INSERT INTO `TBL_GATEWAY_ORDER` VALUES (86, '20190427193337', 'A002', 17, 'CNY', 178.71, '无法不爱你    1份<br>', '99', NULL, NULL, NULL);
INSERT INTO `TBL_GATEWAY_ORDER` VALUES (87, '20190427193340', 'A002', 17, 'CNY', 218.40, '此生幸福    1份<br>', '99', NULL, NULL, NULL);
INSERT INTO `TBL_GATEWAY_ORDER` VALUES (88, '20190427193531', 'A002', 22, 'CNY', 254.60, '我为你着迷    1份<br>', '99', NULL, NULL, NULL);
INSERT INTO `TBL_GATEWAY_ORDER` VALUES (89, '20190428170503', 'A001', 1, 'CNY', 615.48, '情深眷恋    2份<br>', '99', NULL, NULL, NULL);
INSERT INTO `TBL_GATEWAY_ORDER` VALUES (90, '20190428170503', 'A001', 1, 'CNY', 615.48, '情深眷恋    2份<br>', '99', NULL, NULL, NULL);
INSERT INTO `TBL_GATEWAY_ORDER` VALUES (91, '20190428171339', 'A002', 1, 'CNY', 355.84, '花开盛景    2份<br>', '99', NULL, NULL, NULL);
INSERT INTO `TBL_GATEWAY_ORDER` VALUES (92, '20190429152143', 'A002', 25, 'CNY', 436.80, '此生幸福    2份<br>', '00', NULL, NULL, NULL);

-- ----------------------------
-- Table structure for TBL_ORDER
-- ----------------------------
DROP TABLE IF EXISTS `TBL_ORDER`;
CREATE TABLE `TBL_ORDER`  (
  `ORD_ID` varchar(32) CHARACTER SET utf8 COLLATE utf8_general_ci NOT NULL,
  `ORD_NAME` varchar(20) CHARACTER SET utf8 COLLATE utf8_general_ci NOT NULL,
  `ORD_STOCK_NUM` int(10) NOT NULL,
  `ORD_SALE_NUM` int(10) NOT NULL,
  PRIMARY KEY (`ORD_ID`) USING BTREE
) ENGINE = InnoDB CHARACTER SET = utf8 COLLATE = utf8_general_ci ROW_FORMAT = Dynamic;

-- ----------------------------
-- Records of TBL_ORDER
-- ----------------------------
INSERT INTO `TBL_ORDER` VALUES ('053ce2bcd60a4ca5bac69c2c7e8799b4', '振华LEADEXG 650W', 500, 400);
INSERT INTO `TBL_ORDER` VALUES ('259e73c3893d4a118f4b5523306d952c', 'i7-4790k', 10, 5);
INSERT INTO `TBL_ORDER` VALUES ('4f8e7c354f5c4bccbd5e2770ac545ce1', 'i7-9700k', 10, 10);
INSERT INTO `TBL_ORDER` VALUES ('5a82711d42d04dfb86cf6110a899d7c6', '酷冷至尊MC5 PRO机箱', 500, 300);
INSERT INTO `TBL_ORDER` VALUES ('d99ca9135ab04d3dbe402542858340b0', '耕升2080G魂OC', 20, 7);

-- ----------------------------
-- Table structure for TBL_SYS_CODE
-- ----------------------------
DROP TABLE IF EXISTS `TBL_SYS_CODE`;
CREATE TABLE `TBL_SYS_CODE`  (
  `TYPE` varchar(20) CHARACTER SET utf8 COLLATE utf8_general_ci NOT NULL,
  `CODE` varchar(10) CHARACTER SET utf8 COLLATE utf8_general_ci NOT NULL,
  `TYPE_CN` varchar(100) CHARACTER SET utf8 COLLATE utf8_general_ci NULL DEFAULT NULL,
  `TYPE_EN` varchar(100) CHARACTER SET utf8 COLLATE utf8_general_ci NULL DEFAULT NULL,
  `DISPLAY1` varchar(200) CHARACTER SET utf8 COLLATE utf8_general_ci NULL DEFAULT NULL,
  `DISPLAY2` varchar(200) CHARACTER SET utf8 COLLATE utf8_general_ci NULL DEFAULT NULL,
  `STATUS` varchar(2) CHARACTER SET utf8 COLLATE utf8_general_ci NOT NULL DEFAULT '00' COMMENT '00：正常\r\n            01：停用',
  `SHOW_ID` varchar(4) CHARACTER SET utf8 COLLATE utf8_general_ci NOT NULL,
  `RESERVED1` varchar(200) CHARACTER SET utf8 COLLATE utf8_general_ci NULL DEFAULT NULL,
  `RESERVED2` varchar(200) CHARACTER SET utf8 COLLATE utf8_general_ci NULL DEFAULT NULL
) ENGINE = InnoDB CHARACTER SET = utf8 COLLATE = utf8_general_ci ROW_FORMAT = Dynamic;

-- ----------------------------
-- Records of TBL_SYS_CODE
-- ----------------------------
INSERT INTO `TBL_SYS_CODE` VALUES ('SYS_CODE_STATUS', 'NORMAL', '启用', 'normal', '00', '', '00', '1', NULL, NULL);
INSERT INTO `TBL_SYS_CODE` VALUES ('SYS_CODE_STATUS', 'STOP', '停用', 'stop', '01', NULL, '00', '2', NULL, NULL);
INSERT INTO `TBL_SYS_CODE` VALUES ('TXN_TYPE', 'WAIT_PAY', '待付款', 'wait to pay', 'A001', '', '00', '1', NULL, NULL);
INSERT INTO `TBL_SYS_CODE` VALUES ('TXN_TYPE', 'PAYED', '已付款', 'payed', 'A002', '', '00', '2', NULL, NULL);
INSERT INTO `TBL_SYS_CODE` VALUES ('TXN_TYPE', 'CANCEL', '取消订单(退款)', 'cancel order', 'A003', '', '00', '3', NULL, NULL);
INSERT INTO `TBL_SYS_CODE` VALUES ('TXN_STATUS', 'ACCEPT', '已接单', 'accepted order', '00', '', '00', '1', NULL, NULL);
INSERT INTO `TBL_SYS_CODE` VALUES ('TXN_STATUS', 'SEND', '已发货', 'good is sent', '01', '', '00', '2', NULL, NULL);
INSERT INTO `TBL_SYS_CODE` VALUES ('TXN_STATUS', 'REFUSE', '拒绝接单', 'refuse to send', '02', '', '00', '3', NULL, NULL);
INSERT INTO `TBL_SYS_CODE` VALUES ('TXN_STATUS', 'WAITING', '待处理', 'waiting to process', '99', '', '00', '4', NULL, NULL);
INSERT INTO `TBL_SYS_CODE` VALUES ('CURRENCY', 'CNY', '人民币', 'RMB', 'CNY', '', '00', '1', NULL, NULL);
INSERT INTO `TBL_SYS_CODE` VALUES ('USER_STATUS', 'NORMAL', '正常', 'norma', '00', '', '00', '1', NULL, NULL);
INSERT INTO `TBL_SYS_CODE` VALUES ('USER_STATUS', 'STOP', '停用', 'stop', '01', '', '00', '2', NULL, NULL);
INSERT INTO `TBL_SYS_CODE` VALUES ('USER_TYPE', 'NORMAL', '普通用户', 'normal user', '00', '', '00', '1', NULL, NULL);
INSERT INTO `TBL_SYS_CODE` VALUES ('USER_TYPE', 'VIP', 'VIP用户', 'VIP user', '01', '', '00', '2', NULL, NULL);
INSERT INTO `TBL_SYS_CODE` VALUES ('FLOWER_STATUS', 'VIEW_COUNT', '浏览次数', 'view count', 'T001', '', '00', '1', NULL, NULL);
INSERT INTO `TBL_SYS_CODE` VALUES ('FLOWER_STATUS', 'SALE_COUNT', '购买次数', 'sale count', 'T002', '', '00', '2', NULL, NULL);
INSERT INTO `TBL_SYS_CODE` VALUES ('FLOWER_STATUS', 'NORMAL', '启用', 'normal', '00', '', '00', '3', NULL, NULL);
INSERT INTO `TBL_SYS_CODE` VALUES ('FLOWER_STATUS', 'STOP', '停用', 'stop', '01', '', '00', '4', NULL, NULL);

-- ----------------------------
-- Table structure for TBL_SYS_USER
-- ----------------------------
DROP TABLE IF EXISTS `TBL_SYS_USER`;
CREATE TABLE `TBL_SYS_USER`  (
  `USER_ID` int(11) NOT NULL AUTO_INCREMENT,
  `USERNAME` varchar(20) CHARACTER SET utf8 COLLATE utf8_general_ci NOT NULL,
  `PASSWORD` varchar(64) CHARACTER SET utf8 COLLATE utf8_general_ci NOT NULL,
  `REAL_NAME` varchar(36) CHARACTER SET utf8 COLLATE utf8_general_ci NOT NULL,
  `ORG_CODE` varchar(30) CHARACTER SET utf8 COLLATE utf8_general_ci NOT NULL,
  `STATUS` varchar(2) CHARACTER SET utf8 COLLATE utf8_general_ci NOT NULL DEFAULT '00' COMMENT '00 正常\r\n            01 停用\r\n            ',
  `USER_TYPE` varchar(10) CHARACTER SET utf8 COLLATE utf8_general_ci NULL DEFAULT NULL,
  `USER_PHONE` varchar(20) CHARACTER SET utf8 COLLATE utf8_general_ci NULL DEFAULT NULL,
  `USER_EMAIL` varchar(50) CHARACTER SET utf8 COLLATE utf8_general_ci NULL DEFAULT NULL,
  `USER_ADDR` varchar(200) CHARACTER SET utf8 COLLATE utf8_general_ci NULL DEFAULT NULL,
  `HISTORY_PWD` varchar(200) CHARACTER SET utf8 COLLATE utf8_general_ci NULL DEFAULT NULL,
  `REGISTER_TIME` varchar(14) CHARACTER SET utf8 COLLATE utf8_general_ci NULL DEFAULT NULL,
  `REGISTER_IP` varchar(50) CHARACTER SET utf8 COLLATE utf8_general_ci NULL DEFAULT NULL,
  `LAST_LOGIN_TIME` varchar(14) CHARACTER SET utf8 COLLATE utf8_general_ci NULL DEFAULT NULL,
  `LAST_LOGIN_IP` varchar(50) CHARACTER SET utf8 COLLATE utf8_general_ci NULL DEFAULT NULL,
  `RESERVED1` varchar(200) CHARACTER SET utf8 COLLATE utf8_general_ci NULL DEFAULT NULL,
  `RESERVED2` varchar(200) CHARACTER SET utf8 COLLATE utf8_general_ci NULL DEFAULT NULL,
  `RESERVED3` varchar(200) CHARACTER SET utf8 COLLATE utf8_general_ci NULL DEFAULT NULL,
  PRIMARY KEY (`USER_ID`) USING BTREE
) ENGINE = InnoDB AUTO_INCREMENT = 2 CHARACTER SET = utf8 COLLATE = utf8_general_ci ROW_FORMAT = Dynamic;

-- ----------------------------
-- Records of TBL_SYS_USER
-- ----------------------------
INSERT INTO `TBL_SYS_USER` VALUES (1, 'admin', '111', '王毅', '0000000', '00', '00', '18221740242', '759046694@qq.com', '上海市金山区', NULL, NULL, NULL, NULL, NULL, NULL, NULL, NULL);

-- ----------------------------
-- Table structure for TBL_USER
-- ----------------------------
DROP TABLE IF EXISTS `TBL_USER`;
CREATE TABLE `TBL_USER`  (
  `USER_ID` int(11) NOT NULL AUTO_INCREMENT,
  `USERNAME` varchar(20) CHARACTER SET utf8 COLLATE utf8_general_ci NOT NULL,
  `USER_PHONE` varchar(20) CHARACTER SET utf8 COLLATE utf8_general_ci NOT NULL,
  `PASSWORD` varchar(64) CHARACTER SET utf8 COLLATE utf8_general_ci NOT NULL,
  `USER_STATUS` varchar(2) CHARACTER SET utf8 COLLATE utf8_general_ci NOT NULL DEFAULT '00' COMMENT '00未激活；01正常；02冻结；03注销，04：预冻结',
  `USER_TYPE` varchar(2) CHARACTER SET utf8 COLLATE utf8_general_ci NOT NULL,
  `RESERVED1` varchar(200) CHARACTER SET utf8 COLLATE utf8_general_ci NULL DEFAULT NULL,
  `RESERVED2` varchar(200) CHARACTER SET utf8 COLLATE utf8_general_ci NULL DEFAULT NULL,
  `RESERVED3` varchar(200) CHARACTER SET utf8 COLLATE utf8_general_ci NULL DEFAULT NULL,
  PRIMARY KEY (`USER_ID`) USING BTREE
) ENGINE = InnoDB AUTO_INCREMENT = 26 CHARACTER SET = utf8 COLLATE = utf8_general_ci ROW_FORMAT = Dynamic;

-- ----------------------------
-- Records of TBL_USER
-- ----------------------------
INSERT INTO `TBL_USER` VALUES (1, 'king', '18221740242', '111', '00', '00', '', NULL, NULL);
INSERT INTO `TBL_USER` VALUES (2, 'oudake', '18221740242', '111', '01', '00', '', NULL, NULL);
INSERT INTO `TBL_USER` VALUES (5, 'king1314', '12311111111', '111', '00', '00', '', NULL, NULL);
INSERT INTO `TBL_USER` VALUES (6, 'oudake1', '12311111111', '111', '00', '00', '', NULL, NULL);
INSERT INTO `TBL_USER` VALUES (10, 'oudake2', '12311111111', '111', '00', '00', '', NULL, NULL);
INSERT INTO `TBL_USER` VALUES (11, 'oudake3', '12311111111', '111', '00', '00', '', NULL, NULL);
INSERT INTO `TBL_USER` VALUES (12, 'test1', '1231111111111', '111', '00', '00', '', NULL, NULL);
INSERT INTO `TBL_USER` VALUES (13, 'test2', '12311111111', '111', '00', '00', '', NULL, NULL);
INSERT INTO `TBL_USER` VALUES (16, 'test3', '12311111111', '111', '00', '00', '', NULL, NULL);
INSERT INTO `TBL_USER` VALUES (17, 'ty8059', '13818364466', '123qwe', '00', '00', '', NULL, NULL);
INSERT INTO `TBL_USER` VALUES (18, 'tyty8059', '111', '123', '00', '00', '', NULL, NULL);
INSERT INTO `TBL_USER` VALUES (20, 'test4', '1231111111113', '111', '00', '00', '', NULL, NULL);
INSERT INTO `TBL_USER` VALUES (21, 'test5', '13813813813', '111', '00', '00', NULL, NULL, NULL);
INSERT INTO `TBL_USER` VALUES (22, 'test6', '13818313813', '111', '00', '00', NULL, NULL, NULL);
INSERT INTO `TBL_USER` VALUES (23, 'test7', '11111111111', '111', '00', '00', NULL, NULL, NULL);
INSERT INTO `TBL_USER` VALUES (24, 'test8', '11111111111', '111', '00', '00', NULL, NULL, NULL);
INSERT INTO `TBL_USER` VALUES (25, 'test02', '1231111111111', '111', '00', '00', NULL, NULL, NULL);

-- ----------------------------
-- Table structure for TBL_USER_INFO
-- ----------------------------
DROP TABLE IF EXISTS `TBL_USER_INFO`;
CREATE TABLE `TBL_USER_INFO`  (
  `USER_ID` int(11) NOT NULL,
  `REAL_NAME` varchar(20) CHARACTER SET utf8 COLLATE utf8_general_ci NULL DEFAULT NULL,
  `USER_PHONE` varchar(20) CHARACTER SET utf8 COLLATE utf8_general_ci NULL DEFAULT NULL,
  `USER_EMAIL` varchar(50) CHARACTER SET utf8 COLLATE utf8_general_ci NULL DEFAULT NULL,
  `USER_ADDR` varchar(200) CHARACTER SET utf8 COLLATE utf8_general_ci NULL DEFAULT NULL,
  `CURRENCY` varchar(5) CHARACTER SET utf8 COLLATE utf8_general_ci NOT NULL DEFAULT '' COMMENT '币种',
  `PAY_PWD` varchar(256) CHARACTER SET utf8 COLLATE utf8_general_ci NULL DEFAULT NULL COMMENT '支付密码',
  `REGISTER_TIME` varchar(14) CHARACTER SET utf8 COLLATE utf8_general_ci NULL DEFAULT NULL,
  `REGISTER_IP` varchar(50) CHARACTER SET utf8 COLLATE utf8_general_ci NULL DEFAULT NULL,
  `LAST_LOGIN_TIME` varchar(14) CHARACTER SET utf8 COLLATE utf8_general_ci NULL DEFAULT NULL,
  `LAST_LOGIN_IP` varchar(50) CHARACTER SET utf8 COLLATE utf8_general_ci NULL DEFAULT NULL,
  PRIMARY KEY (`USER_ID`) USING BTREE
) ENGINE = InnoDB CHARACTER SET = utf8 COLLATE = utf8_general_ci ROW_FORMAT = Dynamic;

-- ----------------------------
-- Records of TBL_USER_INFO
-- ----------------------------
INSERT INTO `TBL_USER_INFO` VALUES (1, '王毅', '18221740242', '759046694@qq.com', '上海市金山区', 'CNY', '111111', '20181228202646', '0:0:0:0:0:0:0:1', '20190515110108', '183.192.90.47');
INSERT INTO `TBL_USER_INFO` VALUES (2, '独孤皇血', '1231111111111', '', '上海', 'CNY', '111111', '20190211202646', '0:0:0:0:0:0:0:1', '20190315162909', '183.192.89.65');
INSERT INTO `TBL_USER_INFO` VALUES (5, NULL, NULL, NULL, NULL, 'CNY', NULL, '20190210202633', '183.192.95.205', '20190218162749', NULL);
INSERT INTO `TBL_USER_INFO` VALUES (6, NULL, NULL, NULL, NULL, 'CNY', NULL, '20190219202641', '183.192.95.205', '20190321221708', '183.192.89.65');
INSERT INTO `TBL_USER_INFO` VALUES (10, NULL, NULL, NULL, NULL, 'CNY', NULL, '20190220202642', '183.192.95.205', '20190321221720', '183.192.89.65');
INSERT INTO `TBL_USER_INFO` VALUES (11, NULL, NULL, NULL, NULL, 'CNY', NULL, '20190221202643', '183.192.95.205', '20190321221729', '183.192.89.65');
INSERT INTO `TBL_USER_INFO` VALUES (12, '测试账户1', '1231111111111', '123@qq.com', '上海市', 'CNY', NULL, '20190222202644', '183.192.90.167', '20190402163105', '183.192.90.167');
INSERT INTO `TBL_USER_INFO` VALUES (13, NULL, NULL, NULL, NULL, 'CNY', NULL, '20190223202645', '183.192.95.205', '20190402170412', '183.192.90.89');
INSERT INTO `TBL_USER_INFO` VALUES (16, 'test', '1231111111111', '123@qq.com', '北京', 'CNY', '111111', '20190214204328', '183.192.95.205', '20190315162742', '183.192.89.65');
INSERT INTO `TBL_USER_INFO` VALUES (17, 'tyty', '13818364466', '805922010@qq.com', '上海', 'CNY', '111111', '20190219172102', '101.94.229.191', '20190427193329', '183.192.88.143');
INSERT INTO `TBL_USER_INFO` VALUES (18, NULL, NULL, NULL, NULL, 'CNY', NULL, '20190214172133', '180.160.175.133', '20190218162255', NULL);
INSERT INTO `TBL_USER_INFO` VALUES (20, '测试账户4', '1231111111113', '123@qq.com', '上海', 'CNY', '111111', '20190321211857', '0:0:0:0:0:0:0:1', '20190428172047', '0:0:0:0:0:0:0:1');
INSERT INTO `TBL_USER_INFO` VALUES (21, NULL, NULL, NULL, NULL, 'CNY', NULL, '20190402170841', NULL, '20190402173527', '101.94.229.191');
INSERT INTO `TBL_USER_INFO` VALUES (22, NULL, NULL, NULL, NULL, 'CNY', '111111', '20190402170858', '183.192.88.143', '20190427193527', '183.192.88.143');
INSERT INTO `TBL_USER_INFO` VALUES (23, NULL, NULL, NULL, NULL, 'CNY', NULL, '20190402170913', NULL, '20190402173540', '101.94.229.191');
INSERT INTO `TBL_USER_INFO` VALUES (24, NULL, NULL, NULL, NULL, 'CNY', NULL, '20190402170927', NULL, '20190402173546', '101.94.229.191');
INSERT INTO `TBL_USER_INFO` VALUES (25, 'king', '1231111111111', '759046694@qq.com', '北京', 'CNY', '111111', '20190429152042', '183.192.88.143', '20190429152057', '183.192.88.143');

SET FOREIGN_KEY_CHECKS = 1;
